B0G2H7OUBR,,民防工程(馨逸公寓),公共设施;紧急避难场所;紧急避难场所,宾南路36弄9号楼B1,,121.4318809,31.16321707,,上海市,,上海市,,徐汇区,,"{'cost': , 'rating': }"
B0FFHBTCC6,,紧急避难场所(浦北路),公共设施;紧急避难场所;紧急避难场所,浦北路1号,,121.4260033,31.16187063,,上海市,,上海市,,徐汇区,,"{'cost': , 'rating': }"
B0J12R1GPS,,公共厕所,公共设施;公共厕所;公共厕所,冠生园路50号,,121.4275704,31.16540483,,上海市,,上海市,,徐汇区,,"{'cost': , 'rating': }"
B0G2HZP60I,,民防工程(馨逸公寓二期),公共设施;紧急避难场所;紧急避难场所,南宁路700号B1,,121.4329298,31.16377938,,上海市,,上海市,,徐汇区,,"{'cost': , 'rating': }"
B0G2H7P1OH,,民防工程(梓树园),公共设施;紧急避难场所;紧急避难场所,钦州路108号B2,,121.4248333,31.16503855,,上海市,,上海市,,徐汇区,,"{'cost': , 'rating': }"
B0FFHJWSJU,,公共厕所,公共设施;公共厕所;公共厕所,石龙路666号上海长途客运南站附近,,121.4261429,31.15693338,,上海市,,上海市,,徐汇区,,"{'cost': , 'rating': }"
B0HU6746NO,,无障碍公共厕所(九〇五医院),公共设施;公共厕所;残障洗手间/无障碍洗手间,沪闵路9585号,,121.430492,31.16862322,,上海市,,上海市,,徐汇区,,"{'cost': , 'rating': }"
B00155JZ0M,,公共厕所,公共设施;公共厕所;公共厕所,沪闵路9001-3号银泰购物中心南商场2-A21号,,121.4245116,31.15674747,,上海市,,上海市,,徐汇区,,"{'cost': , 'rating': }"
B0HD0C01ZB,,无障碍洗手间(上海市第八人民医院),公共设施;公共厕所;残障洗手间/无障碍洗手间,漕宝路8号6层,,121.4281911,31.1694006,,上海市,,上海市,,徐汇区,,"{'cost': , 'rating': }"
B0HU672IIU,,无障碍洗手间(上海市第八人民医院),公共设施;公共厕所;残障洗手间/无障碍洗手间,漕宝路8号7F,,121.42814,31.1694545,,上海市,,上海市,,徐汇区,,"{'cost': , 'rating': }"
B0HU6735LX,,无障碍洗手间(上海市第八人民医院),公共设施;公共厕所;残障洗手间/无障碍洗手间,漕宝路8号4F,,121.42817,31.16946754,,上海市,,上海市,,徐汇区,,"{'cost': , 'rating': }"
B0HU672PZR,,无障碍洗手间(上海市第八人民医院),公共设施;公共厕所;残障洗手间/无障碍洗手间,漕宝路8号2F,,121.428118,31.16946846,,上海市,,上海市,,徐汇区,,"{'cost': , 'rating': }"
B0HD0C0W5I,,无障碍洗手间(上海市第八人民医院),公共设施;公共厕所;残障洗手间/无障碍洗手间,上海市徐汇区漕宝路8号8F,,121.4280318,31.16949933,,上海市,,上海市,,徐汇区,,"{'cost': , 'rating': }"
B0HD0C0OIR,,无障碍洗手间(上海市第八人民医院),公共设施;公共厕所;残障洗手间/无障碍洗手间,上海市徐汇区漕宝路8号1F,,121.4280498,31.16950635,,上海市,,上海市,,徐汇区,,"{'cost': , 'rating': }"
B0HU672IIV,,无障碍洗手间(上海市第八人民医院),公共设施;公共厕所;残障洗手间/无障碍洗手间,漕宝路8号5层,,121.4282101,31.16952856,,上海市,,上海市,,徐汇区,,"{'cost': , 'rating': }"
B0FFH9188E,,男洗手间(上海南站),公共设施;公共厕所;男洗手间,沪闵路9001号上海南站2F层,,121.4253629,31.15584798,,上海市,,上海市,,徐汇区,,"{'cost': , 'rating': }"
B0FFHJRL3O,,残疾人洗手间(上海南站),公共设施;公共厕所;残障洗手间/无障碍洗手间,沪闵路9001号上海南站2F层,,121.4253499,31.155776,,上海市,,上海市,,徐汇区,,"{'cost': , 'rating': }"
B0FFGPM8SX,,公共厕所,公共设施;公共厕所;公共厕所,沪闵路9001号上海南站二层,,121.4258346,31.15533183,,上海市,,上海市,,徐汇区,,"{'cost': , 'rating': }"
B0FFHJTI0X,,公共厕所,公共设施;公共厕所;公共厕所,动力北一路与动力北二路交叉口东60米,,121.4229204,31.1562349,,上海市,,上海市,,徐汇区,,"{'cost': , 'rating': }"
B0FFG3W3NX,,男洗手间(上海南站),公共设施;公共厕所;男洗手间,沪闵路9001号上海南站2F层,,121.4249604,31.15512386,,上海市,,上海市,,徐汇区,,"{'cost': , 'rating': }"
B0FFH91887,,女洗手间(上海南站),公共设施;公共厕所;女洗手间,沪闵路9001号上海南站2F层,,121.424724,31.15537345,,上海市,,上海市,,徐汇区,,"{'cost': , 'rating': }"
B0HU672XY7,,无障碍洗手间(光大国际大酒店),公共设施;公共厕所;残障洗手间/无障碍洗手间,漕宝路66号2层,,121.4246607,31.16945406,,上海市,,上海市,,徐汇区,,"{'cost': , 'rating': }"
B0FFHJRL3L,,婴儿换洗间/哺乳室/母婴室(上海南站),公共设施;公共厕所;婴儿换洗间/哺乳室/母婴室,沪闵路9001号上海南站2F层,,121.4244436,31.1553991,,上海市,,上海市,,徐汇区,,"{'cost': , 'rating': }"
B0FFG3VRJL,,公共厕所(上海南站),公共设施;公共厕所;公共厕所,沪闵路9001号上海南站B1层,,121.4243184,31.15522304,,上海市,,上海市,,徐汇区,,"{'cost': , 'rating': }"
B0FFHLT95P,,公共厕所,公共设施;公共厕所;公共厕所,康健路196号,,121.4203432,31.16652879,,上海市,,上海市,,徐汇区,,"{'cost': , 'rating': }"
B0FFH91885,,女洗手间(上海南站),公共设施;公共厕所;女洗手间,沪闵路9001号上海南站2F层,,121.4251897,31.15487627,,上海市,,上海市,,徐汇区,,"{'cost': , 'rating': }"
B0FFG3VRUB,,男洗手间(上海南站),公共设施;公共厕所;男洗手间,沪闵路9001号上海南站2F层,,121.4248222,31.15502375,,上海市,,上海市,,徐汇区,,"{'cost': , 'rating': }"
B0HD0ZWRR0,,无障碍洗手间(日月光中心B座),公共设施;公共厕所;残障洗手间/无障碍洗手间,漕宝路33号B1,,121.4277202,31.17060235,,上海市,,上海市,,徐汇区,,"{'cost': , 'rating': }"
B0HU672IIT,,无障碍洗手间(日月光中心B座),公共设施;公共厕所;残障洗手间/无障碍洗手间,漕宝路33号2F,,121.4277242,31.17060435,,上海市,,上海市,,徐汇区,,"{'cost': , 'rating': }"
B0HU672IJ1,,无障碍洗手间(日月光中心B座),公共设施;公共厕所;残障洗手间/无障碍洗手间,漕宝路33号1层,,121.4276922,31.17060231,,上海市,,上海市,,徐汇区,,"{'cost': , 'rating': }"
B0HU673K9M,,无障碍洗手间(日月光中心B座),公共设施;公共厕所;残障洗手间/无障碍洗手间,漕宝路33号4F,,121.4277172,31.17060934,,上海市,,上海市,,徐汇区,,"{'cost': , 'rating': }"
B0HD0ZWK5H,,无障碍洗手间(日月光中心B座),公共设施;公共厕所;残障洗手间/无障碍洗手间,漕宝路33号3F,,121.4277072,31.17060833,,上海市,,上海市,,徐汇区,,"{'cost': , 'rating': }"
B0HU6746NP,,无障碍洗手间(日月光中心B座),公共设施;公共厕所;残障洗手间/无障碍洗手间,漕宝路33号7层,,121.4276701,31.17061728,,上海市,,上海市,,徐汇区,,"{'cost': , 'rating': }"
B0HU6723UX,,无障碍洗手间(日月光中心B座),公共设施;公共厕所;残障洗手间/无障碍洗手间,漕宝路33号5层,,121.4276701,31.17062127,,上海市,,上海市,,徐汇区,,"{'cost': , 'rating': }"
B0HU673K9N,,无障碍洗手间(日月光中心B座),公共设施;公共厕所;残障洗手间/无障碍洗手间,漕宝路33号B2,,121.4276751,31.17062928,,上海市,,上海市,,徐汇区,,"{'cost': , 'rating': }"
B0HU6723UY,,无障碍洗手间(日月光中心B座),公共设施;公共厕所;残障洗手间/无障碍洗手间,漕宝路33号6层,,121.4276561,31.17062625,,上海市,,上海市,,徐汇区,,"{'cost': , 'rating': }"
B0FFKZZYKY,,无障碍洗手间(日月光中心A座),公共设施;公共厕所;残障洗手间/无障碍洗手间,漕宝路33号徐汇日月光中心L2层,,121.4275449,31.1706261,,上海市,,上海市,,徐汇区,,"{'cost': , 'rating': }"
B0FFKZZYL0,,女洗手间(徐汇日月光中心),公共设施;公共厕所;女洗手间,漕宝路33号徐汇日月光中心L3层,,121.4275119,31.17063705,,上海市,,上海市,,徐汇区,,"{'cost': , 'rating': }"
B0FFIXRCQV,,男洗手间(徐汇日月光中心),公共设施;公共厕所;男洗手间,漕宝路33号徐汇日月光中心B1层,,121.4286718,31.17065861,,上海市,,上海市,,徐汇区,,"{'cost': , 'rating': }"
B0HUNCAEUS,,母婴室(日月光中心B座),公共设施;公共厕所;婴儿换洗间/哺乳室/母婴室,漕宝路33号B1,,121.4276862,31.1706163,,上海市,,上海市,,徐汇区,,"{'cost': , 'rating': }"
B0FFH9188C,,女洗手间(上海南站),公共设施;公共厕所;女洗手间,沪闵路9001号上海南站2F层,,121.4250435,31.15477815,,上海市,,上海市,,徐汇区,,"{'cost': , 'rating': }"
B0FFHL42EN,,公共厕所,公共设施;公共厕所;公共厕所,石龙路750-3号,,121.4270136,31.15382113,,上海市,,上海市,,徐汇区,,"{'cost': , 'rating': }"
B0HD0C0203,,无障碍洗手间(日月光中心A座),公共设施;公共厕所;残障洗手间/无障碍洗手间,漕宝路33号5F,,121.4277863,31.17080333,,上海市,,上海市,,徐汇区,,"{'cost': , 'rating': }"
B0HD0C096Z,,无障碍洗手间(日月光中心A座),公共设施;公共厕所;残障洗手间/无障碍洗手间,漕宝路33号4F,,121.4277663,31.17080831,,上海市,,上海市,,徐汇区,,"{'cost': , 'rating': }"
B0HU672B7W,,无障碍洗手间(日月光中心A座),公共设施;公共厕所;残障洗手间/无障碍洗手间,漕宝路33号7F,,121.4277492,31.17081428,,上海市,,上海市,,徐汇区,,"{'cost': , 'rating': }"
B0HD0C0H0D,,无障碍洗手间(日月光中心A座),公共设施;公共厕所;残障洗手间/无障碍洗手间,漕宝路33号3F,,121.4277783,31.17082631,,上海市,,上海市,,徐汇区,,"{'cost': , 'rating': }"
B0HD0C0H0B,,无障碍洗手间(日月光中心A座),公共设施;公共厕所;残障洗手间/无障碍洗手间,漕宝路33号B1,,121.4277603,31.17084328,,上海市,,上海市,,徐汇区,,"{'cost': , 'rating': }"
B0HUNUB1K7,,母婴室(日月光中心B座),公共设施;公共厕所;婴儿换洗间/哺乳室/母婴室,上海市徐汇区漕宝路33号2F,,121.4275229,31.17073702,,上海市,,上海市,,徐汇区,,"{'cost': , 'rating': }"
B0HUNCB1U4,,母婴室(日月光中心A座),公共设施;公共厕所;婴儿换洗间/哺乳室/母婴室,漕宝路33号2F,,121.4278164,31.17082736,,上海市,,上海市,,徐汇区,,"{'cost': , 'rating': }"
B0FFKZZYLQ,,女洗手间(徐汇日月光中心),公共设施;公共厕所;女洗手间,漕宝路33号徐汇日月光中心L3层,,121.4285605,31.1711572,,上海市,,上海市,,徐汇区,,"{'cost': , 'rating': }"
B0FFHA1Y1Q,,公共厕所,公共设施;公共厕所;公共厕所,石龙支路与曲靖路交叉口东南60米,,121.4392388,31.15987899,,上海市,,上海市,,徐汇区,,"{'cost': , 'rating': }"
B0FFHLSK7J,,无障碍公共厕所(石龙路地铁站),公共设施;公共厕所;残障洗手间/无障碍洗手间,石龙路112号,,121.4392759,31.15983608,,上海市,,上海市,,徐汇区,,"{'cost': , 'rating': }"
B00155KQKF,,公共厕所(上海南站南广场石龙路),公共设施;公共厕所;公共厕所,石龙路742号,,121.4277498,31.15310548,,上海市,,上海市,,徐汇区,,"{'cost': , 'rating': }"
B00156DF2M,,公共厕所,公共设施;公共厕所;公共厕所,动力北三路与动力北一路交叉口南40米,,121.4222597,31.15454205,,上海市,,上海市,,徐汇区,,"{'cost': , 'rating': }"
B0FFF08VMK,,康健园-公共厕所,公共设施;公共厕所;公共厕所,文苑路与文秀路交叉口东北200米,,121.4177133,31.16539987,,上海市,,上海市,,徐汇区,,"{'cost': , 'rating': }"
B0FFFR7BPB,,漕溪公园-公共厕所,公共设施;公共厕所;公共厕所,南一路附近,,121.431323,31.17344497,,上海市,,上海市,,徐汇区,,"{'cost': , 'rating': }"
B0FFGTHGJC,,公共厕所,公共设施;公共厕所;公共厕所,龙川北路685号,,121.4326093,31.15144433,,上海市,,上海市,,徐汇区,,"{'cost': , 'rating': }"
B00155MXBZ,,公共厕所(内部专用),公共设施;公共厕所;公共厕所,石龙路79弄89号附近,,121.4420631,31.1595624,,上海市,,上海市,,徐汇区,,"{'cost': , 'rating': }"
B0FFG1DWBL,,远大心胸医院-洗手间,公共设施;公共厕所;公共厕所,龙漕路218号,,121.4375953,31.17142911,,上海市,,上海市,,徐汇区,,"{'cost': , 'rating': }"
B0FFGZGOUB,,公共厕所,公共设施;公共厕所;公共厕所,田林街道漕溪路198号好饰家,,121.4269326,31.17451631,,上海市,,上海市,,徐汇区,,"{'cost': , 'rating': }"
B00156O6M4,,公共厕所,公共设施;公共厕所;公共厕所,漕东支路漕溪公园,,121.4320342,31.17446951,,上海市,,上海市,,徐汇区,,"{'cost': , 'rating': }"
B0FFHLSM87,,公共厕所,公共设施;公共厕所;公共厕所,南二路好饰家灯具广场徐汇店,,121.4293465,31.17460053,,上海市,,上海市,,徐汇区,,"{'cost': , 'rating': }"
B0FFIY372C,,公共厕所,公共设施;公共厕所;公共厕所,康健绿苑(浦北路南),,121.4160724,31.15603234,,上海市,,上海市,,徐汇区,,"{'cost': , 'rating': }"
B0FFHLSFZN,,公共厕所,公共设施;公共厕所;公共厕所,田林十一村10号,,121.4223731,31.17390415,,上海市,,上海市,,徐汇区,,"{'cost': , 'rating': }"
B0FFIBQ0QG,,男洗手间,公共设施;公共厕所;公共厕所,3号线12号线换乘龙漕路站龙漕路站F1,,121.4398271,31.17114523,,上海市,,上海市,,徐汇区,,"{'cost': , 'rating': }"
B00155JVX0,,公共厕所,公共设施;公共厕所;公共厕所,桂林路93号,,121.4146181,31.16666566,,上海市,,上海市,,徐汇区,,"{'cost': , 'rating': }"
B0FFGM2425,,上海植物园-公共厕所,公共设施;公共厕所;公共厕所,龙吴路1111号上海植物园内(北侧),,121.4409601,31.15386629,,上海市,,上海市,,徐汇区,,"{'cost': , 'rating': }"
B0FFJFTBFH,,男洗手间(汇阳广场),公共设施;公共厕所;男洗手间,田林东路75号汇阳广场3F层,,121.4289938,31.17612026,,上海市,,上海市,,徐汇区,,"{'cost': , 'rating': }"
B0FFGM216G,,上海植物园-公共厕所,公共设施;公共厕所;公共厕所,龙吴路1111号上海植物园内(西侧),,121.4352785,31.14947461,,上海市,,上海市,,徐汇区,,"{'cost': , 'rating': }"
B00156O6R3,,公共厕所,公共设施;公共厕所;公共厕所,漕东路22号附近,,121.4344386,31.17574362,,上海市,,上海市,,徐汇区,,"{'cost': , 'rating': }"
B0FFMBGXU0,,桂林公园-公共厕所,公共设施;公共厕所;公共厕所,桂林路128号桂林公园内(西南角),,121.4130067,31.16680943,,上海市,,上海市,,徐汇区,,"{'cost': , 'rating': }"
B0FFHBTBTU,,公共厕所,公共设施;公共厕所;公共厕所,龙兰路与天钥桥南路交叉口西南200米,,121.4463338,31.16482316,,上海市,,上海市,,徐汇区,,"{'cost': , 'rating': }"
B00155JVW5,,公共厕所,公共设施;公共厕所;公共厕所,田林路田林新村东方书报亭对面,,121.4165153,31.17347368,,上海市,,上海市,,徐汇区,,"{'cost': , 'rating': }"
B00156O6UJ,,民防工程(上海市人民防空工程公司),公共设施;紧急避难场所;紧急避难场所|公司企业;公司;公司,龙吴路410弄79号B1,021-64354180,121.4469847,31.16145825,,上海市,,上海市,,徐汇区,,"{'cost': , 'rating': }"
B0KB6R70YE,,公共厕所,公共设施;公共厕所;公共厕所,桂林西街与浦北路交叉口东南80米,,121.4131329,31.15405815,,上海市,,上海市,,徐汇区,,"{'cost': , 'rating': }"
B0HRS4Q62W,,公共厕所,公共设施;公共厕所;公共厕所,柳州路田林十三村2号,,121.4194263,31.17594306,,上海市,,上海市,,徐汇区,,"{'cost': , 'rating': }"
B0FFF0622H,,公共厕所,公共设施;公共厕所;公共厕所,天钥桥南路徐汇区龙华菜市场,,121.4455042,31.17053351,,上海市,,上海市,,徐汇区,,"{'cost': , 'rating': }"
B0G2H7PVMO,,民防工程(徐汇交警中队),公共设施;紧急避难场所;紧急避难场所,漕宝路221号6号楼B1,,121.4112032,31.16764684,,上海市,,上海市,,徐汇区,,"{'cost': , 'rating': }"
B0FFHLSJ9J,,公共厕所(暂停营业),公共设施;公共厕所;公共厕所,桂林东街111号,,121.421201,31.1583939,,上海市,,上海市,,徐汇区,,"{'cost': , 'rating': }"
B0FFI1S3YL,,公共厕所(暂停营业),公共设施;公共厕所;公共厕所,钦州路665号-673号,,121.4248393,31.17686749,,上海市,,上海市,,徐汇区,,"{'cost': , 'rating': }"
B0FFGM216D,,上海植物园-公共厕所,公共设施;公共厕所;公共厕所,龙吴路1111号上海植物园,,121.442127,31.15051926,,上海市,,上海市,,徐汇区,,"{'cost': , 'rating': }"
B0FFGM216I,,上海植物园-公共厕所,公共设施;公共厕所;公共厕所,龙吴路1111号上海植物园(西南角),,121.4352307,31.14656507,,上海市,,上海市,,徐汇区,,"{'cost': , 'rating': }"
B0FFH9AOX7,,公共厕所,公共设施;公共厕所;公共厕所,凯旋南路与漕东支路交叉口北20米,,121.4341448,31.17833683,,上海市,,上海市,,徐汇区,,"{'cost': , 'rating': }"
B00156YKV5,,上海植物园-公共厕所,公共设施;公共厕所;公共厕所,龙吴路1111号上海植物园,,121.439815,31.14847502,,上海市,,上海市,,徐汇区,,"{'cost': , 'rating': }"
B0JK06PY9Y,,徐汇区精神卫生中心无障碍厕所,公共设施;公共厕所;残障洗手间/无障碍洗手间,龙水北路与龙华路交叉口北160米,,121.4422763,31.17452509,,上海市,,上海市,,徐汇区,,"{'cost': , 'rating': }"
B0HB35A3BC,,男洗手间,公共设施;公共厕所;公共厕所,地铁3号线漕溪路站地铁站漕溪路站F1,,121.4341809,31.17830091,,上海市,,上海市,,徐汇区,,"{'cost': , 'rating': }"
B0FFG36G9W,,公共厕所,公共设施;公共厕所;公共厕所,田林路402附近,,121.4122025,31.17306668,,上海市,,上海市,,徐汇区,,"{'cost': , 'rating': }"
B0FFHLSNLL,,公共厕所,公共设施;公共厕所;公共厕所,钦州路832号,,121.4227011,31.17949867,,上海市,,上海市,,徐汇区,,"{'cost': , 'rating': }"
B0HB3CA496,,出租车司机专用公共厕所,公共设施;公共厕所;公共厕所,田林十一村130幢10号,,121.428732,31.18021982,,上海市,,上海市,,徐汇区,,"{'cost': , 'rating': }"
B0FFKWNB6V,,公共厕所,公共设施;公共厕所;公共厕所,中山南二路2409号B1层,,121.4334073,31.17989387,,上海市,,上海市,,徐汇区,,"{'cost': , 'rating': }"
B0FFI1CP7P,,公共厕所,公共设施;公共厕所;公共厕所,虹漕南路15号加油站里面旁边,,121.4081374,31.16537038,,上海市,,上海市,,徐汇区,,"{'cost': , 'rating': }"
B0G2ZUEXTY,,民防工程(钦州花苑),公共设施;紧急避难场所;紧急避难场所,钦州路860号B2,,121.4222004,31.17957508,,上海市,,上海市,,徐汇区,,"{'cost': , 'rating': }"
B0IB2L089M,,公共厕所,公共设施;公共厕所;公共厕所,田林十村37号2楼,,121.4148185,31.17585311,,上海市,,上海市,,徐汇区,,"{'cost': , 'rating': }"
B0FFFZNXFO,,上海植物园-公共厕所,公共设施;公共厕所;公共厕所,龙吴路997号上海植物园(东侧),,121.4454178,31.15034584,,上海市,,上海市,,徐汇区,,"{'cost': , 'rating': }"
B0FFHLSYQ7,,公共厕所,公共设施;公共厕所;公共厕所,漕溪路93号漕溪路公交枢纽站西楼附近,,121.4317512,31.18076189,,上海市,,上海市,,徐汇区,,"{'cost': , 'rating': }"
B0FFHBVNSH,,公共厕所,公共设施;公共厕所;公共厕所,夏泰浜路与喜泰路交叉口东北180米,,121.4478556,31.15317141,,上海市,,上海市,,徐汇区,,"{'cost': , 'rating': }"
B0FFGMD2DH,,上海植物园-公共厕所,公共设施;公共厕所;公共厕所,龙吴路1111号上海植物园内(南侧),,121.4400307,31.14621161,,上海市,,上海市,,徐汇区,,"{'cost': , 'rating': }"
B0FFHLSHSR,,公共厕所,公共设施;公共厕所;公共厕所,龙华西路39号,,121.4476844,31.1729388,,上海市,,上海市,,徐汇区,,"{'cost': , 'rating': }"
B0IBAM6A30,,无障碍公共厕所,公共设施;公共厕所;公共厕所,龙华西路与龙恒路交叉口西北140米,,121.4477556,31.17300292,,上海市,,上海市,,徐汇区,,"{'cost': , 'rating': }"
B0FFGT3Y7M,,公共厕所,公共设施;公共厕所;公共厕所,漕溪南一村第二居民区党总支部党员电化教育播放点附近,,121.4321478,31.18138517,,上海市,,上海市,,徐汇区,,"{'cost': , 'rating': }"
B0HGFZ5N0R,,公共厕所(SH-XH-0051),公共设施;公共厕所;公共厕所,天钥桥路1881号,,121.4437365,31.17670682,,上海市,,上海市,,徐汇区,,"{'cost': , 'rating': }"
B00155KKEL,,公共厕所,公共设施;公共厕所;公共厕所,三汇路36-3号附近,,121.4290154,31.18167947,,上海市,,上海市,,徐汇区,,"{'cost': , 'rating': }"
B0FFFDFHUN,,神旺大酒店-洗手间,公共设施;公共厕所;公共厕所,宜山路与柳州路交叉口西120米,,121.4157142,31.17785379,,上海市,,上海市,,徐汇区,,"{'cost': , 'rating': }"
B0FFG4HI2V,,公共厕所,公共设施;公共厕所;公共厕所,天钥桥路1159号,,121.4421797,31.17822702,,上海市,,上海市,,徐汇区,,"{'cost': , 'rating': }"
B0FFGM216A,,上海植物园-公共厕所,公共设施;公共厕所;公共厕所,龙吴路1111号上海植物园内(东侧),,121.4454179,31.14847483,,上海市,,上海市,,徐汇区,,"{'cost': , 'rating': }"
B0FFL4QC6M,,无障碍洗手间,公共设施;公共厕所;公共厕所,12号线地铁站虹漕路站虹漕路站B1,,121.4063064,31.16627714,,上海市,,上海市,,徐汇区,,"{'cost': , 'rating': }"
B0J2HS9ISJ,,公共厕所(上海龙华会),公共设施;公共厕所;公共厕所,龙华路2778号(龙华地铁站1号口步行50米)上海龙华会L2层,,121.4477775,31.17443324,,上海市,,上海市,,徐汇区,,"{'cost': , 'rating': }"
B0HD0ZXE1A,,无障碍洗手间(第六人民医院门诊),公共设施;公共厕所;残障洗手间/无障碍洗手间,宜山路600号9层,,121.4194459,31.18068168,,上海市,,上海市,,徐汇区,,"{'cost': , 'rating': }"
B0HD0ZWK5G,,无障碍洗手间(第六人民医院门诊),公共设施;公共厕所;残障洗手间/无障碍洗手间,宜山路600号12层,,121.4194579,31.18070567,,上海市,,上海市,,徐汇区,,"{'cost': , 'rating': }"
B0HD0ZY00H,,无障碍公共厕所(第六人民医院门诊),公共设施;公共厕所;残障洗手间/无障碍洗手间,宜山路600号1层,,121.4193968,31.18068663,,上海市,,上海市,,徐汇区,,"{'cost': , 'rating': }"
B0HD0ZY866,,无障碍洗手间(第六人民医院门诊),公共设施;公共厕所;残障洗手间/无障碍洗手间,宜山路600号10层,,121.4194599,31.18071367,,上海市,,上海市,,徐汇区,,"{'cost': , 'rating': }"
B0HD0ZYFCV,,无障碍洗手间(第六人民医院门诊),公共设施;公共厕所;残障洗手间/无障碍洗手间,宜山路600号3层,,121.4194639,31.18072667,,上海市,,上海市,,徐汇区,,"{'cost': , 'rating': }"
B0HD0ZWRQZ,,无障碍洗手间(第六人民医院门诊),公共设施;公共厕所;残障洗手间/无障碍洗手间,宜山路600号7层,,121.4194329,31.18072664,,上海市,,上海市,,徐汇区,,"{'cost': , 'rating': }"
B0HD0CZ146,,无障碍洗手间(第六人民医院门诊),公共设施;公共厕所;残障洗手间/无障碍洗手间,宜山路600号4F,,121.4194929,31.18075169,,上海市,,上海市,,徐汇区,,"{'cost': , 'rating': }"
B0HD0ZYFCY,,无障碍洗手间(第六人民医院门诊),公共设施;公共厕所;残障洗手间/无障碍洗手间,宜山路600号14层,,121.4194689,31.18074367,,上海市,,上海市,,徐汇区,,"{'cost': , 'rating': }"
B0HD0CZ144,,无障碍洗手间(第六人民医院门诊),公共设施;公共厕所;残障洗手间/无障碍洗手间,宜山路600号13F,,121.4194849,31.18075867,,上海市,,上海市,,徐汇区,,"{'cost': , 'rating': }"
B0HD0ZXL2Z,,无障碍洗手间(第六人民医院门诊),公共设施;公共厕所;残障洗手间/无障碍洗手间,宜山路600号6层,,121.4194419,31.18074264,,上海市,,上海市,,徐汇区,,"{'cost': , 'rating': }"
B0HD0CZFP3,,无障碍洗手间(第六人民医院门诊),公共设施;公共厕所;残障洗手间/无障碍洗手间,宜山路600号15F,,121.4194859,31.18076067,,上海市,,上海市,,徐汇区,,"{'cost': , 'rating': }"
B0HD0ZYFCX,,无障碍洗手间(第六人民医院门诊),公共设施;公共厕所;残障洗手间/无障碍洗手间,宜山路600号11层,,121.4194369,31.18074463,,上海市,,上海市,,徐汇区,,"{'cost': , 'rating': }"
B0HD0CZFP2,,无障碍洗手间(第六人民医院门诊),公共设施;公共厕所;残障洗手间/无障碍洗手间,宜山路600号5F,,121.4194689,31.18076466,,上海市,,上海市,,徐汇区,,"{'cost': , 'rating': }"
B0HD0C0OII,,无障碍洗手间(第六人民医院医院门诊),公共设施;公共厕所;残障洗手间/无障碍洗手间,宜山路600号2F,,121.4194659,31.18076365,,上海市,,上海市,,徐汇区,,"{'cost': , 'rating': }"
B0HD0ZY868,,无障碍洗手间(第六人民医院门诊),公共设施;公共厕所;残障洗手间/无障碍洗手间,宜山路600号8层,,121.4194339,31.18076062,,上海市,,上海市,,徐汇区,,"{'cost': , 'rating': }"
B0HD0ZWK54,,无障碍洗手间(桂林路地铁站),公共设施;公共厕所;残障洗手间/无障碍洗手间,上海市徐汇区宜山路桂林路站4号口内,,121.4121631,31.17668881,,上海市,,上海市,,徐汇区,,"{'cost': , 'rating': }"
B0HD0ZYTAC,,无障碍洗手间(第六人民医院医技楼),公共设施;公共厕所;残障洗手间/无障碍洗手间,宜山路600号7F,,121.4183356,31.18063365,,上海市,,上海市,,徐汇区,,"{'cost': , 'rating': }"
B0HD0AY85S,,无障碍洗手间(第六人民医院医技楼),公共设施;公共厕所;残障洗手间/无障碍洗手间,宜山路600号11F,,121.4183276,31.18063264,,上海市,,上海市,,徐汇区,,"{'cost': , 'rating': }"
B0HD0AXL2B,,无障碍洗手间(第六人民医院医技楼),公共设施;公共厕所;残障洗手间/无障碍洗手间,宜山路600号9F,,121.4183477,31.18064365,,上海市,,上海市,,徐汇区,,"{'cost': , 'rating': }"
B0HD0AY85R,,无障碍洗手间(第六人民医院医技楼),公共设施;公共厕所;残障洗手间/无障碍洗手间,宜山路600号8F,,121.4183326,31.18064164,,上海市,,上海市,,徐汇区,,"{'cost': , 'rating': }"
B0HD0AYFCJ,,无障碍洗手间(第六人民医院医技楼),公共设施;公共厕所;残障洗手间/无障碍洗手间,宜山路600号4F,,121.4183306,31.18064164,,上海市,,上海市,,徐汇区,,"{'cost': , 'rating': }"
B0HD0AWK52,,无障碍洗手间(第六人民医院医技楼),公共设施;公共厕所;残障洗手间/无障碍洗手间,宜山路600号5F,,121.4183376,31.18064564,,上海市,,上海市,,徐汇区,,"{'cost': , 'rating': }"
B0HD0AXL2D,,无障碍洗手间(第六人民医院医技楼),公共设施;公共厕所;残障洗手间/无障碍洗手间,宜山路600号10F,,121.4183086,31.18063662,,上海市,,上海市,,徐汇区,,"{'cost': , 'rating': }"
B0HD0AWRQN,,无障碍洗手间(第六人民医院医技楼),公共设施;公共厕所;残障洗手间/无障碍洗手间,宜山路600号6F,,121.4183296,31.18064564,,上海市,,上海市,,徐汇区,,"{'cost': , 'rating': }"
B0HD0AYTA3,,无障碍洗手间(第六人民医院医技楼),公共设施;公共厕所;残障洗手间/无障碍洗手间,宜山路600号3F,,121.4183246,31.18064663,,上海市,,上海市,,徐汇区,,"{'cost': , 'rating': }"
B0HD0AYFCO,,无障碍洗手间(第六人民医院医技楼),公共设施;公共厕所;残障洗手间/无障碍洗手间,宜山路600号1F,,121.4183146,31.18065462,,上海市,,上海市,,徐汇区,,"{'cost': , 'rating': }"
B0HD0AYMOL,,无障碍洗手间(第六人民医院医技楼),公共设施;公共厕所;残障洗手间/无障碍洗手间,宜山路600号2F,,121.4183206,31.18066662,,上海市,,上海市,,徐汇区,,"{'cost': , 'rating': }"
B0HD0AXSET,,无障碍洗手间(第六人民医院医技楼),公共设施;公共厕所;残障洗手间/无障碍洗手间,宜山路600号12F,,121.4183276,31.18068062,,上海市,,上海市,,徐汇区,,"{'cost': , 'rating': }"
B00155JZ02,,康乐文化广场-公共厕所,公共设施;公共厕所;公共厕所,江安路康乐文化广场,,121.4092033,31.15049667,,上海市,,上海市,,徐汇区,,"{'cost': , 'rating': }"
B0FFHULMBQ,,公共厕所,公共设施;公共厕所;公共厕所,田林街道柳州路610号-甲附近,,121.4158721,31.17997485,,上海市,,上海市,,徐汇区,,"{'cost': , 'rating': }"
B0FFL00GJ2,,男洗手间(新宜街A1座),公共设施;公共厕所;男洗手间,宜山路706号新宜街A1座F2层,,121.412022,31.17707052,,上海市,,上海市,,徐汇区,,"{'cost': , 'rating': }"
B0HD0C095R,,无障碍洗手间(第六人民医院病房楼),公共设施;公共厕所;残障洗手间/无障碍洗手间,宜山路600号18F,,121.4176939,31.18079398,,上海市,,上海市,,徐汇区,,"{'cost': , 'rating': }"
B0HD0ZWK5F,,无障碍洗手间(第六人民医院病房楼),公共设施;公共厕所;残障洗手间/无障碍洗手间,宜山路600号6层,,121.4177139,31.18081699,,上海市,,上海市,,徐汇区,,"{'cost': , 'rating': }"
B0HD0ZYFCT,,无障碍洗手间(第六人民医院病房),公共设施;公共厕所;残障洗手间/无障碍洗手间,宜山路600号14F,,121.4176329,31.18080393,,上海市,,上海市,,徐汇区,,"{'cost': , 'rating': }"
B0HD0ZXE19,,无障碍洗手间(第六人民医院病房楼),公共设施;公共厕所;残障洗手间/无障碍洗手间,宜山路600号1F,,121.4176389,31.18080093,,上海市,,上海市,,徐汇区,,"{'cost': , 'rating': }"
B0HD0AYFCM,,无障碍洗手间(第六人民医院病房楼),公共设施;公共厕所;残障洗手间/无障碍洗手间,宜山路600号2F,,121.4176589,31.18083693,,上海市,,上海市,,徐汇区,,"{'cost': , 'rating': }"
B0HD0AWRQM,,无障碍洗手间(第六人民医院病房楼),公共设施;公共厕所;残障洗手间/无障碍洗手间,宜山路600号7F,,121.4176679,31.18084194,,上海市,,上海市,,徐汇区,,"{'cost': , 'rating': }"
B0HD0ZY865,,无障碍洗手间(第六人民医院病房楼),公共设施;公共厕所;残障洗手间/无障碍洗手间,宜山路600号9层,,121.4176789,31.18085194,,上海市,,上海市,,徐汇区,,"{'cost': , 'rating': }"
B0HD0ZXSFO,,无障碍洗手间(第六人民医院病房楼),公共设施;公共厕所;残障洗手间/无障碍洗手间,宜山路600号5F,,121.4176549,31.18084093,,上海市,,上海市,,徐汇区,,"{'cost': , 'rating': }"
B0HD0ZWK5A,,无障碍洗手间(第六人民医院病房楼),公共设施;公共厕所;残障洗手间/无障碍洗手间,宜山路600号10F,,121.4176509,31.18084092,,上海市,,上海市,,徐汇区,,"{'cost': , 'rating': }"
B0HD0UZMEP,,无障碍洗手间(第六人民医院病房楼),公共设施;公共厕所;残障洗手间/无障碍洗手间,宜山路600号4层,,121.4176489,31.18084592,,上海市,,上海市,,徐汇区,,"{'cost': , 'rating': }"
B0HD0CZFP5,,无障碍洗手间(第六人民医院病房楼),公共设施;公共厕所;残障洗手间/无障碍洗手间,宜山路600号3层,,121.417749,31.18088999,,上海市,,上海市,,徐汇区,,"{'cost': , 'rating': }"
B0HD0AYMOM,,无障碍洗手间(第六人民医院病房楼),公共设施;公共厕所;残障洗手间/无障碍洗手间,宜山路600号13F,,121.4176759,31.18085894,,上海市,,上海市,,徐汇区,,"{'cost': , 'rating': }"
B0HD0AYFCL,,无障碍洗手间(第六人民医院病房楼),公共设施;公共厕所;残障洗手间/无障碍洗手间,宜山路600号17F,,121.4176659,31.18086093,,上海市,,上海市,,徐汇区,,"{'cost': , 'rating': }"
B0HD0ZWK5B,,无障碍洗手间(第六人民医院病房楼),公共设施;公共厕所;残障洗手间/无障碍洗手间,宜山路600号8F,,121.4176559,31.18086791,,上海市,,上海市,,徐汇区,,"{'cost': , 'rating': }"
B0HD0CYX0T,,无障碍洗手间(第六人民医院病房楼),公共设施;公共厕所;残障洗手间/无障碍洗手间,宜山路600号15层,,121.4176969,31.18088994,,上海市,,上海市,,徐汇区,,"{'cost': , 'rating': }"
B0HD0AXE0Z,,无障碍洗手间(第六人民医院病房楼),公共设施;公共厕所;残障洗手间/无障碍洗手间,宜山路600号16F,,121.4176559,31.18087591,,上海市,,上海市,,徐汇区,,"{'cost': , 'rating': }"
B0HD0C0OIH,,无障碍洗手间(第六人民医院病房楼),公共设施;公共厕所;残障洗手间/无障碍洗手间,宜山路600号11F,,121.4176459,31.1808749,,上海市,,上海市,,徐汇区,,"{'cost': , 'rating': }"
B0HD0ZXZZJ,,无障碍洗手间(第六人民医院病房),公共设施;公共厕所;残障洗手间/无障碍洗手间,宜山路600号12F,,121.4176389,31.1808739,,上海市,,上海市,,徐汇区,,"{'cost': , 'rating': }"
B0G2H7QQEY,,民防工程(上海核工院核电研发设计中心),公共设施;紧急避难场所;紧急避难场所,虹漕路29号B2,,121.4057058,31.16991204,,上海市,,上海市,,徐汇区,,"{'cost': , 'rating': }"
B0G2AU5BAB,,民防工程(协昌大楼6号楼),公共设施;紧急避难场所;紧急避难场所,中山南二路1057弄6号B1,,121.4397911,31.18165682,,上海市,,上海市,,徐汇区,,"{'cost': , 'rating': }"
B0FFHLSG15,,公共厕所(装修中),公共设施;公共厕所;公共厕所,田林路锦和越界创意园区,,121.4068011,31.17186845,,上海市,,上海市,,徐汇区,,"{'cost': , 'rating': }"
B0HD0C1AQ7,,无障碍洗手间(第六人民医院病房楼),公共设施;公共厕所;残障洗手间/无障碍洗手间,宜山路600号9F,,121.417858,31.18153276,,上海市,,上海市,,徐汇区,,"{'cost': , 'rating': }"
B0HD0AWRQP,,无障碍洗手间(第六人民医院病房楼),公共设施;公共厕所;残障洗手间/无障碍洗手间,宜山路600号8F,,121.417834,31.18153773,,上海市,,上海市,,徐汇区,,"{'cost': , 'rating': }"
B0HD0C0H0A,,无障碍洗手间(第六人民医院病房楼),公共设施;公共厕所;残障洗手间/无障碍洗手间,宜山路600号5F,,121.417843,31.18154274,,上海市,,上海市,,徐汇区,,"{'cost': , 'rating': }"
B0HD0AYFCN,,无障碍洗手间(第六人民医院病房楼),公共设施;公共厕所;残障洗手间/无障碍洗手间,宜山路600号10F,,121.417825,31.18153773,,上海市,,上海市,,徐汇区,,"{'cost': , 'rating': }"
B0HD0CZNA0,,无障碍洗手间(第六人民医院病房楼),公共设施;公共厕所;残障洗手间/无障碍洗手间,宜山路600号6F,,121.417858,31.18155775,,上海市,,上海市,,徐汇区,,"{'cost': , 'rating': }"
B0HD0ZYTAB,,无障碍洗手间(第六人民医院病房楼),公共设施;公共厕所;残障洗手间/无障碍洗手间,宜山路600号2层,,121.417808,31.1815527,,上海市,,上海市,,徐汇区,,"{'cost': , 'rating': }"
B0HD0ZYFCW,,无障碍洗手间(第六人民医院病房楼),公共设施;公共厕所;残障洗手间/无障碍洗手间,宜山路600号1层,,121.4178,31.1815527,,上海市,,上海市,,徐汇区,,"{'cost': , 'rating': }"
B0HD0ZYMOX,,无障碍洗手间(第六人民医院病房楼),公共设施;公共厕所;残障洗手间/无障碍洗手间,宜山路600号4层,,121.417793,31.18156468,,上海市,,上海市,,徐汇区,,"{'cost': , 'rating': }"
B0HD0C0OIT,,无障碍洗手间(第六人民医院病房楼),公共设施;公共厕所;残障洗手间/无障碍洗手间,宜山路600号7F,,121.4178791,31.18157676,,上海市,,上海市,,徐汇区,,"{'cost': , 'rating': }"
B0GKULLWJS,,公共厕所,公共设施;公共厕所;公共厕所,云锦路徐汇跑道公园(西南角),,121.4530788,31.17016011,,上海市,,上海市,,徐汇区,,"{'cost': , 'rating': }"
B0HD0ZWRQU,,无障碍洗手间(第六人民医院骨科楼),公共设施;公共厕所;残障洗手间/无障碍洗手间,上海市徐汇区宜山路600号2F,,121.4173155,31.18152328,,上海市,,上海市,,徐汇区,,"{'cost': , 'rating': }"
B0HD0ZWRQT,,无障碍洗手间(第六人民医院骨科楼),公共设施;公共厕所;残障洗手间/无障碍洗手间,上海市徐汇区宜山路600号5F,,121.4173085,31.18153427,,上海市,,上海市,,徐汇区,,"{'cost': , 'rating': }"
B0HD0ZX69U,,无障碍卫生间(第六人民医院骨科楼),公共设施;公共设施;公共设施,上海市徐汇区宜山路600号7F,,121.4172694,31.18152624,,上海市,,上海市,,徐汇区,,"{'cost': , 'rating': }"
B0HD0ZX69R,,无障碍洗手间(第六人民医院骨科楼),公共设施;公共厕所;残障洗手间/无障碍洗手间,上海市徐汇区宜山路600号3F,,121.4173105,31.18154027,,上海市,,上海市,,徐汇区,,"{'cost': , 'rating': }"
B0HD0ZXE17,,无障碍公共厕所(第六人民医院骨科楼),公共设施;公共厕所;残障洗手间/无障碍洗手间,上海市徐汇区宜山路600号1F,,121.4173014,31.18153526,,上海市,,上海市,,徐汇区,,"{'cost': , 'rating': }"
B0HD0ZYMOV,,无障碍洗手间(第六人民医院骨科楼),公共设施;公共厕所;残障洗手间/无障碍洗手间,上海市徐汇区宜山路600号6F,,121.4173054,31.18153727,,上海市,,上海市,,徐汇区,,"{'cost': , 'rating': }"
B0HD0ZWYJZ,,无障碍洗手间(第六人民医院骨科楼),公共设施;公共厕所;残障洗手间/无障碍洗手间,上海市徐汇区宜山路600号4F,,121.4173044,31.18155825,,上海市,,上海市,,徐汇区,,"{'cost': , 'rating': }"
B0FFKYKJOT,,公共厕所,公共设施;公共厕所;公共厕所,11号线12号线换乘龙华站龙华站B1,,121.4484841,31.17645671,,上海市,,上海市,,徐汇区,,"{'cost': , 'rating': }"
B0G2H7OUCP,,民防工程(上海市工业技术学校),公共设施;紧急避难场所;紧急避难场所,喜泰支路8号B1,,121.4490129,31.14839341,,上海市,,上海市,,徐汇区,,"{'cost': , 'rating': }"
B0FFHJ0U9V,,公共厕所,公共设施;公共厕所;公共厕所,中山西路2026-12号,,121.4229,31.18372176,,上海市,,上海市,,徐汇区,,"{'cost': , 'rating': }"
B0FFGFAWBG,,公共厕所,公共设施;公共厕所;公共厕所,虹漕路与田林路交叉口西北160米,,121.4053905,31.17236767,,上海市,,上海市,,徐汇区,,"{'cost': , 'rating': }"
B0FFM35G1Y,,无障碍洗手间,公共设施;公共厕所;公共厕所,地铁11号线龙耀路站龙耀路站B1,,121.4554141,31.16128413,,上海市,,上海市,,徐汇区,,"{'cost': , 'rating': }"
B0FFHBTF93,,龙华滨江休闲广场-公共厕所,公共设施;公共厕所;公共厕所,天钥桥南路1249弄南侧130米,,121.4524938,31.15211316,,上海市,,上海市,,徐汇区,,"{'cost': , 'rating': }"
B0JKNHHDPG,,公共厕所,公共设施;公共厕所;公共厕所,喜泰支路6号江边绿地,,121.4508507,31.14917002,,上海市,,上海市,,徐汇区,,"{'cost': , 'rating': }"
B0JR7HE1I1,,云锦路黄石路公共厕所,公共设施;公共厕所;公共厕所,龙水南路53号,,121.4554775,31.15905144,,上海市,,上海市,,徐汇区,,"{'cost': , 'rating': }"
B0JKF5V9C8,,公共厕所(西岸凤巢AI PLAZA北区),公共设施;公共厕所;公共厕所,西岸凤巢(龙耀路地铁站1号口步行210米)西岸凤巢AI PLAZA北区5F层,,121.4553275,31.16574661,,上海市,,上海市,,徐汇区,,"{'cost': , 'rating': }"
B0FFH9PK1K,,公共厕所(建设中),公共设施;公共厕所;公共厕所,漕溪北路与零陵路交叉口西200米,,121.4296602,31.18502369,,上海市,,上海市,,徐汇区,,"{'cost': , 'rating': }"
B0FFF9LFUF,,公共厕所,公共设施;公共厕所;公共厕所,华容路与双峰路交叉口东南280米,,121.4466162,31.17964915,,上海市,,上海市,,徐汇区,,"{'cost': , 'rating': }"
B0FFL4EKLV,,公共厕所,公共设施;公共厕所;公共厕所,桂江路与浦北路交叉口西20米,,121.4044798,31.15244772,,上海市,,上海市,,徐汇区,,"{'cost': , 'rating': }"
B0FFHOSK74,,男洗手间(飞洲国际广场零陵路),公共设施;公共厕所;男洗手间,零陵路899号飞洲国际广场(零陵路)B1层,,121.4326354,31.18522798,,上海市,,上海市,,徐汇区,,"{'cost': , 'rating': }"
B0FFJFU1KC,,公共厕所(光启城),公共设施;公共厕所;公共厕所,宜山路455号光启城L4层,,121.4233675,31.1852975,,上海市,,上海市,,徐汇区,,"{'cost': , 'rating': }"
B0H1KH16V1,,飞洲国际广场-男洗手间,公共设施;公共厕所;公共厕所,零陵路899号飞洲国际广场F1,,121.4334178,31.18528017,,上海市,,上海市,,徐汇区,,"{'cost': , 'rating': }"
B0FFMFERBL,,出租车司机专用公共厕所,公共设施;公共厕所;公共厕所,桂平路465号,,121.4057554,31.17449671,,上海市,,上海市,,徐汇区,,"{'cost': , 'rating': }"
B0FFHOSE8S,,女洗手间(华轻梅陇购物中心),公共设施;公共厕所;女洗手间,梅陇路255号华轻梅陇购物中心F2层,,121.4172489,31.14112821,,上海市,,上海市,,徐汇区,,"{'cost': , 'rating': }"
B00156DBRF,,公共厕所,公共设施;公共厕所;公共厕所,宜山路771号,,121.4054022,31.17475246,,上海市,,上海市,,徐汇区,,"{'cost': , 'rating': }"
B0JKF52LW6,,公共厕所(西岸凤巢AI PLAZA北区),公共设施;公共厕所;公共厕所,西岸凤巢(龙耀路地铁站1号口步行210米)西岸凤巢AI PLAZA北区7F层,,121.4562621,31.1660087,,上海市,,上海市,,徐汇区,,"{'cost': , 'rating': }"
B0G2ZUFZRD,,民防工程(上中路),公共设施;紧急避难场所;紧急避难场所,上中路71号B1,,121.4306499,31.13880011,,上海市,,上海市,,徐汇区,,"{'cost': , 'rating': }"
B0FFH9U0MD,,公共厕所,公共设施;公共厕所;公共厕所,龙临路321-1号附近,,121.4316757,31.13802104,,上海市,,上海市,,徐汇区,,"{'cost': , 'rating': }"
B0FFGPMA2F,,光启城-洗手间,公共设施;公共厕所;公共厕所,宜山路455号光启城B2,,121.4238992,31.18577587,,上海市,,上海市,,徐汇区,,"{'cost': , 'rating': }"
B0FFGL0UIS,,公共厕所,公共设施;公共厕所;公共厕所,中山南二路与中山南二路999弄交叉口东140米,,121.4433891,31.1834927,,上海市,,上海市,,徐汇区,,"{'cost': , 'rating': }"
B0J3KAQ1YF,,公共厕所,公共设施;公共厕所;公共厕所,徐汇商务大厦附近,,121.426561,31.1864368,,上海市,,上海市,,徐汇区,,"{'cost': , 'rating': }"
B0JBLHTNWE,,光华园内部地面停车场(出入口),交通设施服务;停车场;停车场出入口,光华园内部地面停车场(华东理工大学地铁站2号口步行490米),,121.431093,31.139495,310000,上海市,021,上海市,310104,徐汇区,,
B0H0BC0462,,融创领馆壹号院内部停车场,交通设施服务;停车场;专用停车场,华济路与龙吟路交叉口西100米,,121.452215,31.115687,310000,上海市,021,上海市,310104,徐汇区,华泾,
B0JU9U2QTI,,幽澜苑内部地面停车场,交通设施服务;停车场;专用停车场,老沪闵路666弄-1-15号幽澜苑,,121.428991,31.145287,310000,上海市,021,上海市,310104,徐汇区,康健,
B0FFIL33RV,tour,HAPPY·PARK,风景名胜;公园广场;城市广场|科教文化服务;培训机构;培训机构,柳州路138号,021-64820178,121.426196,31.159432,310000,上海市,021,上海市,310104,徐汇区,康健,
B0FFKW4KTV,diner,正新鸡排(田林路店),餐饮服务;快餐厅;快餐厅,田林街道田林路116号(桂林公园地铁站6号口步行320米),021-57882137;13391013097;15301728697,121.416582,31.170377,310000,上海市,021,上海市,310104,徐汇区,漕河泾,
B0FFHKER6C,,停车场(出入口),交通设施服务;停车场;公共停车场,桂林路400-5号附近(桂林公园地铁站6号口步行170米),,121.417717,31.169964,310000,上海市,021,上海市,310104,徐汇区,虹梅路,
B0FFFPTDWI,,手机维修回收,生活服务;维修站点;维修站点,桂林路401号399弄旁(桂林公园地铁站6号口步行350米),13901547686,121.417467,31.171709,310000,上海市,021,上海市,310104,徐汇区,漕河泾,
B00155MTN7,,安踏(田林路店),购物服务;专卖店;儿童用品店|购物服务;体育用品店;体育用品店,田林路99号(桂林公园地铁站6号口步行260米),4008582020,121.418167,31.170449,310000,上海市,021,上海市,310104,徐汇区,漕河泾,
B0H6Z5R73V,,现代大厦内部地下停车场,交通设施服务;停车场;专用停车场,襄阳南路218号现代大厦A楼,,121.45733,31.212016,310000,上海市,021,上海市,310104,徐汇区,淮海路,
B0H0BC16RU,,融创领馆壹号院内部停车场(出入口),交通设施服务;停车场;停车场出入口,华济路与长华路交叉口东140米,,121.451667,31.115666,310000,上海市,021,上海市,310104,徐汇区,华泾,
B0I0JA5TU4,,言小咖文化传媒有限公司,科教文化服务;科教文化场所;科教文化场所,桂林路400-4号楼(桂林公园地铁站6号口步行260米),,121.416683,31.169801,310000,上海市,021,上海市,310104,徐汇区,漕河泾,
B0FFHLSELZ,,公共厕所(体育公园),公共设施;公共厕所;公共厕所,零陵路682号,,121.443802,31.185499,310000,上海市,021,上海市,310104,徐汇区,枫林路,
B0IR6ZPEG0,,教育部基础教育监测中心内部地面停车场(出入口),交通设施服务;停车场;停车场出入口,茶陵北路与斜土路交叉口东南60米,,121.465252,31.198759,310000,上海市,021,上海市,310104,徐汇区,枫林路,
B00156O487,tour,沈钧儒石像,风景名胜;风景名胜相关;旅游景点,广元路2号(衡山路宛平路口)衡山公园,021-64727577,121.442079,31.200627,310000,上海市,021,上海市,310104,徐汇区,徐家汇,
B0HGUZELV8,,裕华大厦内部停车场,交通设施服务;停车场;专用停车场,肇嘉浜路366号裕华大厦(嘉善路地铁站5号口步行270米),,121.457823,31.202438,310000,上海市,021,上海市,310104,徐汇区,岳阳,
B0J3U6Z5N8,,煜聚图文(冶金小区店),生活服务;摄影冲印店;摄影冲印,桂林路215号(桂林公园地铁站5号口步行200米),,121.418602,31.168103,310000,上海市,021,上海市,310104,徐汇区,漕河泾,
B0FFLHF5UL,,无障碍洗手间,公共设施;公共厕所;公共厕所,地铁12号线桂林公园站桂林公园站B1,,121.408441,31.163154,310000,上海市,021,上海市,310104,徐汇区,虹梅路,
B0FFIPNFE0,,停车场(出口),交通设施服务;停车场;公共停车场,漕宝路358-6号附近(桂林公园地铁站5号口步行360米),,121.418066,31.167719,310000,上海市,021,上海市,310104,徐汇区,田林,
B0FFGWHGPY,,RAOYIN服装店,购物服务;服装鞋帽皮具店;服装鞋帽皮具店,田林路田林路120-7号(桂林公园地铁站6号口步行370米),,121.415985,31.170256,310000,上海市,021,上海市,310104,徐汇区,漕河泾,
B0FFGWEHTB,diner,红盔甲(田林店),餐饮服务;中餐厅;火锅店,田林路126号3层(桂林公园地铁站6号口步行430米),021-64170869,121.415298,31.170111,310000,上海市,021,上海市,310104,徐汇区,漕河泾,
B0FFGWEHTB,diner,红盔甲(田林店),餐饮服务;中餐厅;火锅店,田林路126号3层(桂林公园地铁站6号口步行430米),021-64170869,121.415298,31.170111,310000,上海市,021,上海市,310104,徐汇区,漕河泾,
B0FFHJWAE6,,武康路-道路停车位,交通设施服务;停车场;路边停车场,武康路武康路280弄小区,,121.439772,31.206959,310000,上海市,021,上海市,310104,徐汇区,湖南路,
B00155MXBZ,,公共厕所(内部专用),公共设施;公共厕所;公共厕所,石龙路79弄89号附近,,121.446656,31.157648,310000,上海市,021,上海市,310104,徐汇区,龙华,
B0HR9S5WOD,,欣园新村内部停车场,交通设施服务;停车场;专用停车场,桂江路与钦州南路交叉口北240米,,121.406936,31.157452,310000,上海市,021,上海市,310104,徐汇区,康健,
B0IR6ZTFA6,,教育部基础教育监测中心内部地面停车场,交通设施服务;停车场;专用停车场,茶陵北路与斜土路交叉口东南60米,,121.465231,31.198749,310000,上海市,021,上海市,310104,徐汇区,枫林路,
B0FFLKHZXK,,女洗手间,公共设施;公共厕所;公共厕所,地铁12号线桂林公园站桂林公园站B1,,121.408491,31.163167,310000,上海市,021,上海市,310104,徐汇区,康健,
B0J2D7WYY6,,内部地面停车场(出入口),交通设施服务;停车场;停车场出入口,内部地面停车场(虹漕路地铁站1号口步行410米),,121.415068,31.164939,310000,上海市,021,上海市,310104,徐汇区,田林,
B0J035ZGFQ,,内部地面停车场(出入口),交通设施服务;停车场;停车场出入口,内部地面停车场(肇嘉浜路地铁站2号口步行460米),,121.450512,31.202831,310000,上海市,021,上海市,310104,徐汇区,岳阳,
B00155G1EB,tour,桂江公园,风景名胜;公园广场;公园广场,韵达快运(宜山路服务站),,121.404485,31.15988,310000,上海市,021,上海市,310104,徐汇区,康健,
B0FFL2TVXX,tour,八仙台,风景名胜;风景名胜相关;旅游景点,桂林路128号桂林公园内(桂林公园地铁站5号口步行330米),021-64830915,121.417785,31.164975,310000,上海市,021,上海市,310104,徐汇区,田林,
B001574KZG,,阿迪达斯徐家汇公园篮球场,体育休闲服务;运动场馆;篮球场馆,肇嘉浜路986号(徐家汇公园内),15026454743,121.44359,31.198435,310000,上海市,021,上海市,310104,徐汇区,徐家汇,
B0HUBCFW9J,,七建大厦内部地下停车场(出口),交通设施服务;停车场;停车场出口,宜山路地铁站5号口旁,,121.427678,31.184274,310000,上海市,021,上海市,310104,徐汇区,徐家汇,
B0H2M73Z8Z,,枫林科创园内部地下停车场(入口)(暂停营业),交通设施服务;停车场;停车场入口,宜山路700号枫林科创园B1层,,121.418773,31.177241,310000,上海市,021,上海市,310104,徐汇区,田林,
B0GKULLWJS,,公共厕所,公共设施;公共厕所;公共厕所,云锦路徐汇跑道公园,,121.457712,31.168251,310000,上海市,021,上海市,310104,徐汇区,龙华,
B00155L0UC,tour,桂林公园,风景名胜;公园广场;公园,漕宝路188号(桂林公园地铁站5号口步行100米),021-64830915,121.417929,31.16532,310000,上海市,021,上海市,310104,徐汇区,康健,
B0I39C1OVY,,上海市消防徐汇支队地面停车场(出入口),交通设施服务;停车场;停车场出入口,消防徐汇支队地面停车场(桂林公园地铁站5号口步行210米),,121.416691,31.166111,310000,上海市,021,上海市,310104,徐汇区,田林,
B0FFM0JW61,,言小咖少儿公众表达力培训中心,科教文化服务;培训机构;培训机构,桂林路400号4号楼(桂林公园地铁站6号口步行260米),13817032000,121.416781,31.169685,310000,上海市,021,上海市,310104,徐汇区,漕河泾,
B0FFKSK2SI,diner,潘宁波糕团(田林路店),餐饮服务;甜品店;甜品店,田林路100号(桂林公园地铁站6号口步行310米),13764195029,121.418596,31.170745,310000,上海市,021,上海市,310104,徐汇区,田林,
B0H2NRJ2SV,,上海生产资料交易市场内部停车场(出入口),交通设施服务;停车场;停车场出入口,上海生产资料交易市场内部停车场,,121.463817,31.203233,310000,上海市,021,上海市,310104,徐汇区,岳阳,
B0HGF7708V,,新银大厦内部地面停车场(出入口),交通设施服务;停车场;停车场出入口,新银大厦内部停车场,,121.403793,31.172767,310000,上海市,021,上海市,310104,徐汇区,漕河泾,
B00155HU5Z,tour,华泾公园-邹容纪念馆,风景名胜;风景名胜相关;旅游景点,华泾路868号(华泾公园内),021-54825660,121.450751,31.119783,310000,上海市,021,上海市,310104,徐汇区,华泾,
B0HGFZ5MLO,,爱建金融大厦内部停车场(出口),交通设施服务;停车场;停车场出口,爱建金融大厦内部停车场(肇嘉浜路地铁站2号口步行440米),,121.446719,31.198598,310000,上海市,021,上海市,310104,徐汇区,岳阳,
B0I26UJXMZ,,内部地面停车场(入口),交通设施服务;停车场;停车场入口,内部地面停车场(徐家汇地铁站16号口步行80米),,121.437595,31.19563,310000,上海市,021,上海市,310104,徐汇区,徐家汇,
B0JA2CLQZ0,tour,有氧公园,风景名胜;公园广场;公园,零陵路与火炬台路交叉口东80米,,121.440798,31.183265,310000,上海市,021,上海市,310104,徐汇区,龙华,
B0J26AOWNQ,tour,口袋公园,风景名胜;公园广场;公园,漕东支路至龙田路,,121.441572,31.174631,310000,上海市,021,上海市,310104,徐汇区,龙华,
B0FFFWPZWH,tour,老鹰公园,风景名胜;公园广场;公园,田林街道田林三中对面(近田林东路),,121.430432,31.173687,310000,上海市,021,上海市,310104,徐汇区,田林,
B0JKTM4LA9,,上海市高级人民法院内部地面停车场,交通设施服务;停车场;专用停车场,襄阳南路535号上海市高级人民法院,,121.458553,31.203266,310000,上海市,021,上海市,310104,徐汇区,岳阳,
B0IGUUYTQP,,复旦大学附属眼耳鼻喉科医院汾阳院区内部地面停车场,交通设施服务;停车场;专用停车场,汾阳路83号(太原路口)复旦大学附属眼耳鼻喉科医院(汾阳院区),,121.453337,31.209814,310000,上海市,021,上海市,310104,徐汇区,岳阳,
B00155HVVN,tour,徐家汇公园-百代公司旧址,风景名胜;风景名胜相关;旅游景点,衡山路811号,,121.441901,31.197848,310000,上海市,021,上海市,310104,徐汇区,徐家汇,
B0HR956R4U,,爱建园内部停车场,交通设施服务;停车场;专用停车场,田林东路与东三路交叉口北120米,,121.432159,31.175724,310000,上海市,021,上海市,310104,徐汇区,漕河泾,
B0HGFZ4S85,,爱建金融大厦内部停车场(入口),交通设施服务;停车场;停车场入口,爱建金融大厦内部停车场,,121.446225,31.198396,310000,上海市,021,上海市,310104,徐汇区,岳阳,
B0FFF2MPOZ,,华泾公园-公共厕所,公共设施;公共厕所;公共厕所,华泾路徐汇区华泾公园(东南角),,121.455792,31.120025,310000,上海市,021,上海市,310104,徐汇区,华泾,
B00156ZEPU,,徐汇滨江绿地,体育休闲服务;休闲场所;休闲场所,东安路龙腾大道交界处,,121.463869,31.180766,310000,上海市,021,上海市,310104,徐汇区,,
B0JKTM564B,,上海市高级人民法院内部地下停车场,交通设施服务;停车场;专用停车场,襄阳南路535号上海市高级人民法院,,121.458719,31.20335,310000,上海市,021,上海市,310104,徐汇区,岳阳,
B0H6PUROA3,,海洋石油大厦内部停车场(出入口),交通设施服务;停车场;停车场出入口,零陵路与宛平南路交叉口西100米,,121.447887,31.188293,310000,上海市,021,上海市,310104,徐汇区,龙华,
B0HAUSPP4D,,上海植物园内部停车场,交通设施服务;停车场;专用停车场,龙吴路1111号(近百色路)上海植物园内(东北角),,121.445605,31.149288,310000,上海市,021,上海市,310104,徐汇区,,
B0H6PUPI14,,海洋石油大厦内部停车场,交通设施服务;停车场;专用停车场,零陵路与宛平南路交叉口西100米,,121.447787,31.188368,310000,上海市,021,上海市,310104,徐汇区,龙华,
B0FFL05WXG,,停车管理办公室,政府机构及社会团体;政府机关;政府机关相关,漕宝路111-3号附近(桂林公园地铁站1号口步行250米),,121.421898,31.167064,310000,上海市,021,上海市,310104,徐汇区,田林,
B0FFJJ2RKV,,怪兽充电(桂园茶馆漕宝路店),生活服务;共享设备;充电宝,漕宝路188号桂林公园正园内近桂林路,,121.417042,31.165985,310000,上海市,021,上海市,310104,徐汇区,田林,
B00154DWH8,tour,上海植物园,风景名胜;公园广场;植物园,龙吴路997号,021-54363369,121.444279,31.147452,310000,上海市,021,上海市,310104,徐汇区,,
B0HU6H3OYL,,华康大楼内部停车场(出入口),交通设施服务;停车场;停车场出入口,华康大楼内部停车场,,121.443291,31.204026,310000,上海市,021,上海市,310104,徐汇区,岳阳,
B0FFJRR9DM,,上海植物园内部停车场(出入口),交通设施服务;停车场;停车场出入口,龙吴路1111号(近百色路)上海植物园内(东北角),,121.445711,31.149383,310000,上海市,021,上海市,310104,徐汇区,,
B0015718H4,,浩然高科技大厦内部地下停车场,交通设施服务;停车场;专用停车场,广元西路55号(徐家汇地铁站17号口步行410米),,121.434821,31.197826,310000,上海市,021,上海市,310104,徐汇区,徐家汇,
B0JK17I3QO,diner,曾三仙米线(田林路店),餐饮服务;中餐厅;中餐厅,田林路120-5号(桂林公园地铁站6号口步行370米),15000762391,121.416046,31.170259,310000,上海市,021,上海市,310104,徐汇区,漕河泾,
B0H3DUQYTE,,海澜之家(田林路二店),购物服务;服装鞋帽皮具店;品牌服装店,田林路100号(桂林公园地铁站6号口步行300米),021-64180830,121.418547,31.170735,310000,上海市,021,上海市,310104,徐汇区,田林,
B0FFK0N5Q7,,中国福利彩票(田林路店),生活服务;彩票彩券销售点;彩票彩券销售点,田林路65弄24号(桂林公园地铁站6号口步行360米),,121.419135,31.170847,310000,上海市,021,上海市,310104,徐汇区,田林,
B0FFJJFEEV,,华为(桂林路店),购物服务;家电电子卖场;手机销售,桂林路400号(桂林公园地铁站6号口步行280米),021-64079851,121.417021,31.170208,310000,上海市,021,上海市,310104,徐汇区,田林,
B0FFIVP3I8,,罗蒙(田林路店),购物服务;服装鞋帽皮具店;服装鞋帽皮具店,田林路103号(桂林公园地铁站6号口步行260米),021-54566917,121.417417,31.17026,310000,上海市,021,上海市,310104,徐汇区,田林,
B0FFHR0A94,,停车场(出入口),交通设施服务;停车场;公共停车场,桂林路与漕宝路交叉口北160米(桂林公园地铁站6号口旁),,121.4182,31.168229,310000,上海市,021,上海市,310104,徐汇区,田林,
B0FFG2J39J,,罗森(田林路店),购物服务;便民商店/便利店;便民商店/便利店,桂林路385-1号(桂林公园地铁站6号口步行250米),021-33562301;4008206390,121.417812,31.170786,310000,上海市,021,上海市,310104,徐汇区,漕河泾,
B00156PXF1,diner,胡记锅贴游子老鸭粉丝汤,餐饮服务;餐饮相关场所;餐饮相关,田林路116号(桂林公园地铁站6号口步行320米),13166443233,121.416506,31.170362,310000,上海市,021,上海市,310104,徐汇区,漕河泾,
B0FFKYS5EV,tour,般若舫,风景名胜;风景名胜相关;旅游景点,九曲长廊桂林公园(桂林公园地铁站5号口步行230米),021-64830915,121.417781,31.165811,310000,上海市,021,上海市,310104,徐汇区,康健,
B0HGFZ62DK,,爱建金融大厦内部地面停车场(出入口)(建设中),交通设施服务;停车场;停车场出入口,爱建金融大厦内部停车场(肇嘉浜路地铁站2号口步行470米),,121.446853,31.198341,310000,上海市,021,上海市,310104,徐汇区,,
B00156O6M4,,公共厕所,公共设施;公共厕所;公共厕所,漕东支路漕溪公园,,121.436649,31.17258,310000,上海市,021,上海市,310104,徐汇区,龙华,
B0I2CLF5AP,diner,BOTTEGA意库(嘉华中心店),餐饮服务;餐饮相关场所;餐饮相关,襄阳北路108号101B嘉华中心1楼(近淮海中路襄阳公园),021-62621223,121.456008,31.21677,310000,上海市,021,上海市,310104,徐汇区,淮海路,
B0G2AN37CO,diner,fetchin coffee(锦和越界田林坊店),餐饮服务;咖啡厅;咖啡厅,田林路126-5号一楼(桂林公园地铁站6号口步行470米),18930254033,121.415004,31.170038,310000,上海市,021,上海市,310104,徐汇区,漕河泾,
B0G064KJL4,,华耳康睡眠采耳漕宝路店,生活服务;生活服务场所;生活服务场所,漕宝路112号近柳州路(桂林公园地铁站1号口步行500米),021-54666686,121.424681,31.167286,310000,上海市,021,上海市,310104,徐汇区,漕河泾,
B0H01DPENZ,,西雅图内部停车场(入口),交通设施服务;停车场;停车场入口,西雅图内部停车场,,121.438257,31.166969,310000,上海市,021,上海市,310104,徐汇区,龙华,
B0FFM53M0C,,宛南六村社区内部地面停车场(出入口),交通设施服务;停车场;停车场出入口,宛南六村社区内部地面停车场,,121.445076,31.179303,310000,上海市,021,上海市,310104,徐汇区,龙华,
B0FFG8AI3J,,浩然高科技大厦内部地下停车场(出入口),交通设施服务;停车场;停车场出入口,广元西路55号(徐家汇地铁站17号口步行410米),,121.434825,31.197794,310000,上海市,021,上海市,310104,徐汇区,徐家汇,
B0FFM53M0C,,宛南六村社区内部地面停车场(出入口),交通设施服务;停车场;停车场出入口,宛南六村社区内部地面停车场,,121.445076,31.179303,310000,上海市,021,上海市,310104,徐汇区,龙华,
B0FFG8AI3J,,浩然高科技大厦内部地下停车场(出入口),交通设施服务;停车场;停车场出入口,广元西路55号(徐家汇地铁站17号口步行410米),,121.434825,31.197794,310000,上海市,021,上海市,310104,徐汇区,徐家汇,
B00155ITJ1,,武康大楼,商务住宅;住宅区;住宅小区,淮海中路1850号(交通大学地铁站7号口步行420米),,121.438278,31.20443,310000,上海市,021,上海市,310104,徐汇区,湖南路,
B0H01DPSKN,,西雅图内部停车场,交通设施服务;停车场;专用停车场,三江路88弄1-21号嘉萱苑,,121.437791,31.166389,310000,上海市,021,上海市,310104,徐汇区,龙华,
B0IUX5D8LH,,科汇小区内部地面停车场,交通设施服务;停车场;专用停车场,天钥桥路69弄1-6号科汇小区,,121.441455,31.1933,310000,上海市,021,上海市,310104,徐汇区,徐家汇,
B0HGFZ5UIC,,爱建金融大厦内部停车场(出入口),交通设施服务;停车场;停车场出入口,爱建金融大厦内部停车场(肇嘉浜路地铁站2号口步行500米),,121.446352,31.198145,310000,上海市,021,上海市,310104,徐汇区,,
B001539309,tour,光启公园-徐光启陈列室,风景名胜;风景名胜相关;旅游景点,南丹路17号光启公园(徐家汇地铁站1号口步行310米),021-64381780,121.434317,31.189282,310000,上海市,021,上海市,310104,徐汇区,徐家汇,
B0FFKZMBCV,tour,桂林公园-九曲长廊,风景名胜;风景名胜相关;旅游景点,桂林路128号桂林公园内(桂林公园地铁站5号口步行260米),021-64830915,121.417393,31.165644,310000,上海市,021,上海市,310104,徐汇区,田林,
B0HGYDXG8I,,之俊大厦内部停车场(入口),交通设施服务;停车场;停车场入口,斜土路1221号,,121.464173,31.199016,310000,上海市,021,上海市,310104,徐汇区,枫林路,
B00154GF8J,tour,光启公园,风景名胜;公园广场;公园,南丹路17号(徐家汇地铁站1号口步行230米),021-64070098;021-64381780,121.43463,31.18957,310000,上海市,021,上海市,310104,徐汇区,徐家汇,
B0IG27BTZK,,新漕泾HI-TECH PARK,商务住宅;楼宇;商务写字楼,上林路与宜山路交叉口西北40米,,121.403761,31.172304,310000,上海市,021,上海市,310104,徐汇区,漕河泾,
B0HAXZLRJ8,,环中商厦内部室内停车场,交通设施服务;停车场;专用停车场,襄阳南路175号环中商厦(陕西南路地铁站7号口步行240米),,121.457526,31.213353,310000,上海市,021,上海市,310104,徐汇区,淮海路,
B0FFLGAQ8L,,洛克公园停车场,交通设施服务;停车场;公共停车场,漕宝路1015号(虹梅路地铁站7号口步行460米),,121.395318,31.160288,310000,上海市,021,上海市,310104,徐汇区,漕河泾,
B0JAPC2EDM,,龙华街道办事处内部地面停车场,交通设施服务;停车场;专用停车场,天钥桥南路399号龙华街道办事处,,121.450492,31.168478,310000,上海市,021,上海市,310104,徐汇区,龙华,
B0I0SAHE9G,,保利·西岸中心C座内部地下停车场(出入口),交通设施服务;停车场;停车场出入口,保利·西岸中心C座内部地下停车场,,121.455299,31.180425,310000,上海市,021,上海市,310104,徐汇区,龙华,
B0HA1RGK5G,,天运综合大楼地面停车场(出入口),交通设施服务;停车场;停车场出入口,天运综合大楼停车场(桂林公园地铁站1号口步行370米),,121.424088,31.167736,310000,上海市,021,上海市,310104,徐汇区,田林,
B0IA2C6A1R,,东航公寓(中山西路)内部地面停车场(出入口),交通设施服务;停车场;停车场出入口,中山西路与吴中路交叉口西北80米,,121.42108,31.189881,310000,上海市,021,上海市,310104,徐汇区,虹桥,
B0JRMDNFRR,,扬州五建,公司企业;公司;建筑公司,漕宝路121号(桂林公园地铁站1号口步行300米),,121.420327,31.168411,310000,上海市,021,上海市,310104,徐汇区,漕河泾,
B0H6GR315Q,,科技产业化大楼内部地下停车场(入口),交通设施服务;停车场;停车场入口,宜山路900-1号科技产业化大楼内部地下停车场,,121.40023,31.171471,310000,上海市,021,上海市,310104,徐汇区,漕河泾,
B0GKJMWR0L,,招商银行24小时自助银行(田林支行),金融保险服务;自动提款机;招商银行ATM,田林路105号102室(桂林公园地铁站6号口步行390米),,121.41589,31.170014,310000,上海市,021,上海市,310104,徐汇区,田林,
B0GKJMWR0L,,招商银行24小时自助银行(田林支行),金融保险服务;自动提款机;招商银行ATM,田林路105号102室(桂林公园地铁站6号口步行390米),,121.41589,31.170014,310000,上海市,021,上海市,310104,徐汇区,田林,
B0FFI8ZED9,,苹果手机售后维修服务中心iPad Mac,生活服务;维修站点;维修站点,虹梅街道田林路103号-1A(91215号线桂林路公园步行100米左右),18616146869,121.417344,31.170273,310000,上海市,021,上海市,310104,徐汇区,田林,
B0FFGF1ZOB,,中国电信(桂林路营业厅),生活服务;电讯营业厅;中国电信营业厅,漕宝路122号(桂林公园地铁站4号口步行180米),021-64511414;17276610196,121.41994,31.166812,310000,上海市,021,上海市,310104,徐汇区,漕河泾,
B0FFGOH87H,,公园道壹号物业管理处,公司企业;公司企业;公司企业,漕河泾街道宾阳路18弄,,121.435342,31.163723,310000,上海市,021,上海市,310104,徐汇区,龙华,
B0IADCY3EB,,鼎园北区内部地下停车场(出入口),交通设施服务;停车场;停车场出入口,鼎园北区内部地下停车场,,121.46582,31.20306,310000,上海市,021,上海市,310104,徐汇区,枫林路,
B0J0DUO4Z3,,保利·西岸内部地下停车场(入口),交通设施服务;停车场;停车场入口,保利·西岸内部地下停车场(龙华中路地铁站5号口步行370米),,121.455482,31.181054,310000,上海市,021,上海市,310104,徐汇区,龙华,
B0H0U1U1AG,,公共厕所(内部专用),公共设施;公共厕所;公共厕所,蒲西路158号天主教上海教区徐家汇圣依纳爵主教座堂(东北角),,121.436283,31.191386,310000,上海市,021,上海市,310104,徐汇区,徐家汇,
B0FFKZKZM9,,龙南佳苑内部地下停车场(出入口),交通设施服务;停车场;停车场出入口,龙水南路龙南佳苑内部地下停车场,,121.454485,31.15146,310000,上海市,021,上海市,310104,徐汇区,,
B0IUX5GNQD,,科汇小区内部地面停车场(出入口),交通设施服务;停车场;停车场出入口,科汇小区内部地面停车场(徐家汇地铁站14号口步行280米),,121.441455,31.1933,310000,上海市,021,上海市,310104,徐汇区,徐家汇,
B0G0SL3FOT,tour,百花街口袋公园,风景名胜;公园广场;公园,百花街与江安路交叉口南200米,,121.415105,31.146799,310000,上海市,021,上海市,310104,徐汇区,康健,
B0FFL105A5,tour,桂林公园-东园,风景名胜;风景名胜相关;旅游景点,桂林路128号桂林公园内(桂林公园地铁站5号口步行230米),021-64830915,121.418431,31.165587,310000,上海市,021,上海市,310104,徐汇区,田林,
B00155QNUQ,,徐家汇公园地下停车场,交通设施服务;停车场;公共停车场,肇嘉浜路940号(徐家汇地铁站14号口步行480米),,121.443153,31.196904,310000,上海市,021,上海市,310104,徐汇区,徐家汇,
B0FFHUJEXE,,公共厕所(内部专用),公共设施;公共厕所;公共厕所,喜泰路尚街Loft滨江时尚服饰园,,121.453097,31.148299,310000,上海市,021,上海市,310104,徐汇区,,
B0FFH111SX,,光启公园-公共厕所,公共设施;公共厕所;公共厕所,南丹路17号,,121.435094,31.189683,310000,上海市,021,上海市,310104,徐汇区,徐家汇,
B00155JVWK,,漕河泾开发区公园-公共厕所(暂停营业),公共设施;公共厕所;公共厕所,桂果路601号漕河泾开发区公园附近,,121.401191,31.168105,310000,上海市,021,上海市,310104,徐汇区,虹梅路,
B00156NTK6,,感智盲人艾灸养生馆(田林路店),生活服务;洗浴推拿场所;洗浴推拿场所,田林路124-3号3层(桂林公园地铁站6号口步行430米),021-64704029,121.415459,31.170148,310000,上海市,021,上海市,310104,徐汇区,漕河泾,
B00155IQRX,tour,衡山公园,风景名胜;公园广场;公园,广元路2号(衡山路宛平路口),021-64727577,121.442123,31.20056,310000,上海市,021,上海市,310104,徐汇区,徐家汇,
B0JBLHO7WL,,光华园内部地面停车场,交通设施服务;停车场;专用停车场,老沪闵路790弄-1-107号光华园,,121.431093,31.139495,310000,上海市,021,上海市,310104,徐汇区,,
B0FFH10C13,tour,徐家汇公园-瀑布,风景名胜;公园广场;公园,宛平路徐家汇公园(东北角),,121.443239,31.197915,310000,上海市,021,上海市,310104,徐汇区,徐家汇,
B0FFFXNC74,,青之杰花园内部停车场,交通设施服务;停车场;专用停车场,虹桥路178弄1-2号边门,,121.431357,31.190728,310000,上海市,021,上海市,310104,徐汇区,徐家汇,
