FID,name,province,city,area,address,uid,detail_url,tag,wgs84_lng,wgs84_lat,行业大,行业子,Get_time,ha,value,visit_num
0,浦东牡丹园,上海市,上海市,浦东新区,上海市浦东新区兰谷路500号,01b0cb12172d4dae2cb17e5c,http://api.map.baidu.com/place/detail?uid=01b0cb12172d4dae2cb17e5c&output=html&source=placeapi_v2,旅游景点;植物园,121.590877,31.32468788,旅游景点,植物园,2021/10/25 0:53,8.23984,1,177
1,三泉公园,上海市,上海市,静安区,上海市静安区保德路1200号(共和新路口),0523a14130518e1cb23c81ff,http://api.map.baidu.com/place/detail?uid=0523a14130518e1cb23c81ff&output=html&source=placeapi_v2,旅游景点;公园,121.4425804,31.31727141,旅游景点,公园,2021/10/25 0:53,2.45971,1,4363
2,祥和公园,上海市,上海市,普陀区,上海市普陀区真光路1121号甲,083a55faf4dcd678246e98c9,http://api.map.baidu.com/place/detail?uid=083a55faf4dcd678246e98c9&output=html&source=placeapi_v2,旅游景点;公园,121.3749755,31.24403067,旅游景点,公园,2021/10/25 0:53,3.39466,1,4285
3,甘泉公园,上海市,上海市,普陀区,上海市普陀区西乡路100号,09185c569c0c4c5cf11937ca,http://api.map.baidu.com/place/detail?uid=09185c569c0c4c5cf11937ca&output=html&source=placeapi_v2,旅游景点;公园,121.4238442,31.26892487,旅游景点,公园,2021/10/25 0:53,3.00527,1,10178
4,活水公园,上海市,上海市,黄浦区,上海市黄浦区南车站路564号,0fb57fc9ef392841a2a9344c,http://api.map.baidu.com/place/detail?uid=0fb57fc9ef392841a2a9344c&output=html&source=placeapi_v2,旅游景点;公园,121.4895693,31.20445492,旅游景点,公园,2021/10/25 0:53,0.43628,1,2589
5,静安中环公园,上海市,上海市,静安区,上海市静安区共和新路3050号,1324ed6001571aca306212d8,http://api.map.baidu.com/place/detail?uid=1324ed6001571aca306212d8&output=html&source=placeapi_v2,旅游景点;公园,121.4447688,31.29509932,旅游景点,公园,2021/10/25 0:53,8.07151,1,3421
6,金桥市民体育休闲公园,上海市,上海市,浦东新区,上海市浦东新区乐林路3临,15ed53cec8206d2a9222e06f,http://api.map.baidu.com/place/detail?uid=15ed53cec8206d2a9222e06f&output=html&source=placeapi_v2,旅游景点;公园,121.6007594,31.28078544,旅游景点,公园,2021/10/25 0:53,1.92331,1,107
7,朝阳小憩,上海市,上海市,普陀区,上海市普陀区真北支路130号,168fa78cb17b78ba0bccdd80,http://api.map.baidu.com/place/detail?uid=168fa78cb17b78ba0bccdd80&output=html&source=placeapi_v2,旅游景点;公园,121.389138,31.25822143,旅游景点,公园,2021/10/25 0:53,0.20464,1,672
8,上海市滨江滑板公园,上海市,上海市,徐汇区,上海市徐汇区瑞宁路,21b9b35cce7b8cc4364aae50,http://api.map.baidu.com/place/detail?uid=21b9b35cce7b8cc4364aae50&output=html&source=placeapi_v2,旅游景点;公园,121.4629346,31.18772604,旅游景点,公园,2021/10/25 0:53,4.26438,1,2346
9,闸北公园,上海市,上海市,静安区,上海市静安区共和新路1555号,23116913c5c6a0fc734b87ff,http://api.map.baidu.com/place/detail?uid=23116913c5c6a0fc734b87ff&output=html&source=placeapi_v2,旅游景点;公园,121.4553901,31.27242517,旅游景点,公园,2021/10/25 0:53,11.23539,1,3112
10,昆山公园,上海市,上海市,虹口区,上海市虹口区昆山花园路13号,24d0550833e360ae12882436,http://api.map.baidu.com/place/detail?uid=24d0550833e360ae12882436&output=html&source=placeapi_v2,旅游景点;公园,121.4821886,31.25094513,旅游景点,公园,2021/10/25 0:53,0.37809,1,10718
11,曹杨公园,上海市,上海市,普陀区,上海市普陀区枫桥路50号(近梅岭北路),251374c9ab7ff53da11de91f,http://api.map.baidu.com/place/detail?uid=251374c9ab7ff53da11de91f&output=html&source=placeapi_v2,旅游景点;公园,121.4041704,31.24175243,旅游景点,公园,2021/10/25 0:53,2.48366,1,4891
12,古美人口文化公园(平南路),上海市,上海市,闵行区,上海市闵行区平南路与莲花路交叉口西南角,2527be1e14b272b04afc8d41,http://api.map.baidu.com/place/detail?uid=2527be1e14b272b04afc8d41&output=html&source=placeapi_v2,旅游景点;公园,121.3902946,31.1537037,旅游景点,公园,2021/10/25 0:53,1.13093,1,3846
13,金光村公园,上海市,上海市,浦东新区,上海市浦东新区高东镇顾高路1218号3栋,260183cd6910fc18f7231046,http://api.map.baidu.com/place/detail?uid=260183cd6910fc18f7231046&output=html&source=placeapi_v2,旅游景点;公园,121.632296,31.29834786,旅游景点,公园,2021/10/25 0:53,1.07977,1,0
14,虹桥河滨公园,上海市,上海市,长宁区,上海市长宁区长宁路2080号(锦屏路口),261b80c0eb0bc6a294031968,http://api.map.baidu.com/place/detail?uid=261b80c0eb0bc6a294031968&output=html&source=placeapi_v2,旅游景点;公园,121.3959742,31.22141073,旅游景点,公园,2021/10/25 0:53,2.20285,1,1354
15,平凉公园,上海市,上海市,杨浦区,上海市杨浦区平凉路1738号(近临青路),2848ffd6d2bc4e0e48cc4a21,http://api.map.baidu.com/place/detail?uid=2848ffd6d2bc4e0e48cc4a21&output=html&source=placeapi_v2,旅游景点;公园,121.5383781,31.26877676,旅游景点,公园,2021/10/25 0:53,1.34427,1,2027
16,亩中山水园,上海市,上海市,浦东新区,上海市浦东新区世博大道1000号,2955e863574f7d2f2ad7ab18,http://api.map.baidu.com/place/detail?uid=2955e863574f7d2f2ad7ab18&output=html&source=placeapi_v2,旅游景点;公园,121.4912201,31.19217515,旅游景点,公园,2021/10/25 0:53,2.59703,1,8957
17,后工业生态景观公园,上海市,上海市,宝山区,上海市宝山区长江西路101号,2a101249ffe50ffa8bdb7316,http://api.map.baidu.com/place/detail?uid=2a101249ffe50ffa8bdb7316&output=html&source=placeapi_v2,旅游景点;公园,121.4719278,31.34770798,旅游景点,公园,2021/10/25 0:53,4.33192,1,0
18,水霞公园,上海市,上海市,长宁区,上海市长宁区仙霞路505号,2a7a25ec3d7ed7626c3e1b62,http://api.map.baidu.com/place/detail?uid=2a7a25ec3d7ed7626c3e1b62&output=html&source=placeapi_v2,旅游景点;公园,121.385572,31.20808769,旅游景点,公园,2021/10/25 0:53,1.78576,1,5075
19,苏州河梦清园环保主题公园,上海市,上海市,普陀区,上海市普陀区宜昌路130号,2c0bd6c50f46e1ab43ab9ac9,http://api.map.baidu.com/place/detail?uid=2c0bd6c50f46e1ab43ab9ac9&output=html&source=placeapi_v2,旅游景点;公园,121.4358389,31.25276469,旅游景点,公园,2021/10/25 0:53,7.35472,1,12509
20,南园滨江绿地,上海市,上海市,黄浦区,上海市黄浦区龙华东路800号,2d71b4094170bd5d8f1a891d,http://api.map.baidu.com/place/detail?uid=2d71b4094170bd5d8f1a891d&output=html&source=placeapi_v2,旅游景点;公园,121.4710119,31.19444468,旅游景点,公园,2021/10/25 0:53,7.73577,1,17770
21,闵行体育公园,上海市,上海市,闵行区,上海市闵行区新镇路456号,2e00c5dd958a491dd7851f62,http://api.map.baidu.com/place/detail?uid=2e00c5dd958a491dd7851f62&output=html&source=placeapi_v2,旅游景点;公园,121.3663413,31.1453412,旅游景点,公园,2021/10/25 0:53,87.01049,1,8826
22,桃浦中央绿地,上海市,上海市,普陀区,常和路288-3号楼附近,2f2d5e19dcbe49cad8ecedbe,http://api.map.baidu.com/place/detail?uid=2f2d5e19dcbe49cad8ecedbe&output=html&source=placeapi_v2,旅游景点;景点,121.3677373,31.28343065,旅游景点,景点,2021/10/25 0:53,37.69864,1,354
23,双拥公园,上海市,上海市,闵行区,上海市闵行区龙茗路与平阳路交叉口,2f87dde3b16498c515b54b5d,http://api.map.baidu.com/place/detail?uid=2f87dde3b16498c515b54b5d&output=html&source=placeapi_v2,旅游景点;公园,121.3826531,31.13636691,旅游景点,公园,2021/10/25 0:53,1.27539,1,2431
24,衡山公园,上海市,上海市,徐汇区,上海市徐汇区广元路2号(衡山路宛平路口),2fd2beab5633d7537adbd2d9,http://api.map.baidu.com/place/detail?uid=2fd2beab5633d7537adbd2d9&output=html&source=placeapi_v2,旅游景点;公园,121.4374574,31.20253965,旅游景点,公园,2021/10/25 0:53,1.57864,1,4426
25,玉兰园,上海市,上海市,黄浦区,上海市黄浦区重庆南路南昌路路口,2fd2beab56fad7537bdbd296,http://api.map.baidu.com/place/detail?uid=2fd2beab56fad7537bdbd296&output=html&source=placeapi_v2,旅游景点;风景区,121.4664512,31.22059643,旅游景点,风景区,2021/10/25 0:53,0.46579,1,20137
26,西康公园,上海市,上海市,静安区,上海市静安区西康路255-1号,2fd2beab57ecd4537bdbd288,http://api.map.baidu.com/place/detail?uid=2fd2beab57ecd4537bdbd288&output=html&source=placeapi_v2,旅游景点;公园,121.4452406,31.23201825,旅游景点,公园,2021/10/25 0:53,0.30436,1,16151
27,真光公园,上海市,上海市,普陀区,上海市普陀区真光路1865号(近铜川路),35debf29c0d81b45a6da39ca,http://api.map.baidu.com/place/detail?uid=35debf29c0d81b45a6da39ca&output=html&source=placeapi_v2,旅游景点;公园,121.3804371,31.25585408,旅游景点,公园,2021/10/25 0:53,1.28967,1,531
28,中新泾公园,上海市,上海市,长宁区,上海市长宁区哈密路1233号,365ea1e596bc26bb9122e043,http://api.map.baidu.com/place/detail?uid=365ea1e596bc26bb9122e043&output=html&source=placeapi_v2,旅游景点;公园,121.3612526,31.20425744,旅游景点,公园,2021/10/25 0:53,3.56137,1,181
29,"万里公园
",上海市,上海市,普陀区,上海市普陀区富平路715号附近,369f670dedd1ff542811d136,http://api.map.baidu.com/place/detail?uid=369f670dedd1ff542811d136&output=html&source=placeapi_v2,旅游景点;景点,121.403183,31.2670527,旅游景点,景点,2021/10/25 0:53,2.71154,1,1303
30,徐家汇公园,上海市,上海市,徐汇区,上海市徐汇区肇嘉浜路986号临,373cf75776292e6f4354d7d9,http://api.map.baidu.com/place/detail?uid=373cf75776292e6f4354d7d9&output=html&source=placeapi_v2,旅游景点;公园,121.4378476,31.19927161,旅游景点,公园,2021/10/25 0:53,8.7016,1,4426
31,四川北路公园,上海市,上海市,虹口区,上海市虹口区四川北路1468号,37835aba28fe62a894031933,http://api.map.baidu.com/place/detail?uid=37835aba28fe62a894031933&output=html&source=placeapi_v2,旅游景点;公园,121.4803161,31.25681124,旅游景点,公园,2021/10/25 0:53,4.53521,1,37052
32,梅陇休闲苑,上海市,上海市,闵行区,上海市闵行区镇西路555号,39d43f82b5500887a8059d1d,http://api.map.baidu.com/place/detail?uid=39d43f82b5500887a8059d1d&output=html&source=placeapi_v2,旅游景点;公园,121.4042123,31.13782,旅游景点,公园,2021/10/25 0:53,1.37801,1,1411
33,馨园,上海市,上海市,浦东新区,上海市浦东新区栖山路100弄50～63号,3a0a78bd16c7d0fb621809b0,http://api.map.baidu.com/place/detail?uid=3a0a78bd16c7d0fb621809b0&output=html&source=placeapi_v2,旅游景点;公园,121.5405132,31.24338203,旅游景点,公园,2021/10/25 0:53,0.31499,1,6160
34,虎林园,上海市,上海市,宝山区,上海市宝山区呼兰路700号,3a3c63e75cbffb5e223bf209,http://api.map.baidu.com/place/detail?uid=3a3c63e75cbffb5e223bf209&output=html&source=placeapi_v2,旅游景点;景点,121.4503556,31.34607069,旅游景点,景点,2021/10/25 0:53,4.36606,1,145
35,碧云体育公园,上海市,上海市,浦东新区,上海市浦东新区碧云路633号,3be122e1d6e7244b1ef74ddb,http://api.map.baidu.com/place/detail?uid=3be122e1d6e7244b1ef74ddb&output=html&source=placeapi_v2,旅游景点;公园,121.5788664,31.24500063,旅游景点,公园,2021/10/25 0:53,9.3211,1,10976
36,复兴公园,上海市,上海市,黄浦区,上海市黄浦区雁荡路105号,3c0ea7c5eaee119dfaf0cb96,http://api.map.baidu.com/place/detail?uid=3c0ea7c5eaee119dfaf0cb96&output=html&source=placeapi_v2,旅游景点;公园,121.4645996,31.21890221,旅游景点,公园,2021/10/25 0:53,6.95738,1,20137
37,建德花园小公园,上海市,上海市,普陀区,上海市普陀区香樟路与泾阳路交叉路口往西北约100米,3c8f84224c1c87c6420245e9,http://api.map.baidu.com/place/detail?uid=3c8f84224c1c87c6420245e9&output=html&source=placeapi_v2,旅游景点;公园,121.3535689,31.23829182,旅游景点,公园,2021/10/25 0:53,1.16145,1,175
38,樱花园,上海市,上海市,浦东新区,上海市浦东新区光耀路300号,3f826ed3d1035447d0f49eab,http://api.map.baidu.com/place/detail?uid=3f826ed3d1035447d0f49eab&output=html&source=placeapi_v2,旅游景点;公园,121.6109293,31.33206812,旅游景点,公园,2021/10/25 0:53,7.27591,1,1812
39,黎安公园,上海市,上海市,闵行区,上海市闵行区秀文路118号,3f826ed3d2b95547d1f49e1d,http://api.map.baidu.com/place/detail?uid=3f826ed3d2b95547d1f49e1d&output=html&source=placeapi_v2,旅游景点;公园,121.375379,31.13188773,旅游景点,公园,2021/10/25 0:53,18.40094,1,1738
40,世纪和平大钟,上海市,上海市,浦东新区,上海市浦东新区滨江大道2300号附近,3fda0325b5322c7b6fa3cca3,http://api.map.baidu.com/place/detail?uid=3fda0325b5322c7b6fa3cca3&output=html&source=placeapi_v2,旅游景点;风景区,121.4980797,31.24512878,旅游景点,风景区,2021/10/25 0:53,0.0181,1,4352
41,浦兴文化公园,上海市,上海市,浦东新区,上海市浦东新区东陆路705号,41572e00cbd580adb55f1ef0,http://api.map.baidu.com/place/detail?uid=41572e00cbd580adb55f1ef0&output=html&source=placeapi_v2,旅游景点;公园,121.5861043,31.28083598,旅游景点,公园,2021/10/25 0:53,3.77485,1,3765
42,后滩公园,上海市,上海市,浦东新区,世博大道2200号,422920fd19bafa54af080f6d,http://api.map.baidu.com/place/detail?uid=422920fd19bafa54af080f6d&output=html&source=placeapi_v2,旅游景点;公园,121.4686163,31.18593344,旅游景点,公园,2021/10/25 0:53,21.51006,1,468
43,黄兴公园,上海市,上海市,杨浦区,上海市杨浦区营口路639号,4334bd0b7018288526d2bb8e,http://api.map.baidu.com/place/detail?uid=4334bd0b7018288526d2bb8e&output=html&source=placeapi_v2,旅游景点;公园,121.5256116,31.29552634,旅游景点,公园,2021/10/25 0:53,39.12354,1,5153
44,半马苏河公园(1号公园),上海市,上海市,普陀区,上海市普陀区大渡河路长风公园南侧约170米,433615c68009c869c7f0255f,http://api.map.baidu.com/place/detail?uid=433615c68009c869c7f0255f&output=html&source=placeapi_v2,旅游景点;公园,121.3939799,31.22182719,旅游景点,公园,2021/10/25 0:53,4.72669,1,1354
45,上南公园,上海市,上海市,浦东新区,上海市浦东新区德州路198号,435d7aeab89ae9345bbbbcb7,http://api.map.baidu.com/place/detail?uid=435d7aeab89ae9345bbbbcb7&output=html&source=placeapi_v2,旅游景点;公园,121.4938819,31.16897392,旅游景点,公园,2021/10/25 0:53,3.6947,1,2468
46,济阳公园,上海市,上海市,浦东新区,上海市浦东新区耀华路600号(济阳路口),43b7e8895e69806b59f6beb7,http://api.map.baidu.com/place/detail?uid=43b7e8895e69806b59f6beb7&output=html&source=placeapi_v2,旅游景点;公园,121.4753358,31.17111712,旅游景点,公园,2021/10/25 0:53,3.4458,1,5038
47,徐汇区徐汇西岸自然艺术公园,上海市,上海市,徐汇区,华泾路190号(近龙吴路),44207646d9b86568deee8b41,http://api.map.baidu.com/place/detail?uid=44207646d9b86568deee8b41&output=html&source=placeapi_v2,旅游景点;公园,121.4478888,31.12348717,旅游景点,公园,2021/10/25 0:53,26.45243,1,1712
48,广兰公园,上海市,上海市,浦东新区,广兰路965号(近紫薇路),448f7f556a7fd13ad5b74ed9,http://api.map.baidu.com/place/detail?uid=448f7f556a7fd13ad5b74ed9&output=html&source=placeapi_v2,旅游景点;公园,121.6156516,31.21085022,旅游景点,公园,2021/10/25 0:53,3.50477,1,1797
49,共青国家森林公园,上海市,上海市,杨浦区,上海市杨浦区军工路2000号,449eb70004746dd826d2bb7a,http://api.map.baidu.com/place/detail?uid=449eb70004746dd826d2bb7a&output=html&source=placeapi_v2,旅游景点;风景区,121.5476852,31.32105248,旅游景点,风景区,2021/10/25 0:53,121.64903,1,469
50,大宁郁金香公园,上海市,上海市,静安区,上海市静安区广中西路288号,45d4df56501f986e250bd093,http://api.map.baidu.com/place/detail?uid=45d4df56501f986e250bd093&output=html&source=placeapi_v2,旅游景点;公园,121.4387816,31.27767128,旅游景点,公园,2021/10/25 0:53,53.79929,1,11356
51,上海馨苑绿化养护有限公司九子公园,上海市,上海市,黄浦区,上海市黄浦区成都北路1018号,4642844a6237c3d8c8fa5fab,http://api.map.baidu.com/place/detail?uid=4642844a6237c3d8c8fa5fab&output=html&source=placeapi_v2,旅游景点;公园,121.4595212,31.2424428,旅游景点,公园,2021/10/25 0:53,0.67959,1,5484
52,金沙绿地公园,上海市,上海市,嘉定区,丰庄路69号(近清峪路),480b24d031ff51f09cec2be9,http://api.map.baidu.com/place/detail?uid=480b24d031ff51f09cec2be9&output=html&source=placeapi_v2,旅游景点;公园,121.3547372,31.24485886,旅游景点,公园,2021/10/25 0:53,3.84603,1,86
53,天山公园,上海市,上海市,长宁区,上海市长宁区延安西路1731号(近凯旋路),49a02a7a706e68412b201a62,http://api.map.baidu.com/place/detail?uid=49a02a7a706e68412b201a62&output=html&source=placeapi_v2,旅游景点;公园,121.4113162,31.21196678,旅游景点,公园,2021/10/25 0:53,5.70739,1,24541
54,三林世博主题公园,上海市,上海市,浦东新区,上海市浦东新区大道站路与东书房路交叉口东北角,49d95938a5707e40c61e5116,http://api.map.baidu.com/place/detail?uid=49d95938a5707e40c61e5116&output=html&source=placeapi_v2,旅游景点;公园,121.5339412,31.16409601,旅游景点,公园,2021/10/25 0:53,2.07471,1,0
55,上海植物园,上海市,上海市,徐汇区,上海市徐汇区龙吴路997号,4ea3f2f1ebeb76d6afcb668c,http://api.map.baidu.com/place/detail?uid=4ea3f2f1ebeb76d6afcb668c&output=html&source=placeapi_v2,旅游景点;植物园,121.4399509,31.14943726,旅游景点,植物园,2021/10/25 0:53,80.98024,1,6729
56,东昌滨江绿地,上海市,上海市,浦东新区,商城路与滨江大道交叉口西南100米,50f7d146b549d6c772210b30,http://api.map.baidu.com/place/detail?uid=50f7d146b549d6c772210b30&output=html&source=placeapi_v2,旅游景点;公园,121.5021838,31.22886673,旅游景点,公园,2021/10/25 0:53,3.72799,1,10242
57,杨浦公园,上海市,上海市,杨浦区,上海市杨浦区双阳路399号,50fb64ff365e225ce9f85321,http://api.map.baidu.com/place/detail?uid=50fb64ff365e225ce9f85321&output=html&source=placeapi_v2,旅游景点;公园,121.5319105,31.28245296,旅游景点,公园,2021/10/25 0:53,19.37634,1,930
58,临沂公园,上海市,上海市,浦东新区,上海市浦东新区东方路3683号,5211d2198a2d39597cc876b0,http://api.map.baidu.com/place/detail?uid=5211d2198a2d39597cc876b0&output=html&source=placeapi_v2,旅游景点;公园,121.5024693,31.19019942,旅游景点,公园,2021/10/25 0:53,1.98921,1,2313
59,海宁绿地,上海市,上海市,虹口区,上海市虹口区海宁绿地(壹丰广场东南170米),53349ee396031c6d22026227,http://api.map.baidu.com/place/detail?uid=53349ee396031c6d22026227&output=html&source=placeapi_v2,旅游景点;公园,121.4806424,31.25243352,旅游景点,公园,2021/10/25 0:53,0.17416,1,10718
60,FUNTOGETHER体育公园,上海市,上海市,宝山区,上海市宝山区南北高架路与蕰川路交叉路口西北侧,5445e1f084266e771ee999d9,http://api.map.baidu.com/place/detail?uid=5445e1f084266e771ee999d9&output=html&source=placeapi_v2,旅游景点;公园,121.4310978,31.34557433,旅游景点,公园,2021/10/25 0:53,0.9785,1,24
61,延虹绿地,上海市,上海市,长宁区,上海市长宁区虹桥路1518号,5508504d0391eecac7f02562,http://api.map.baidu.com/place/detail?uid=5508504d0391eecac7f02562&output=html&source=placeapi_v2,旅游景点;公园,121.3921153,31.20207301,旅游景点,公园,2021/10/25 0:53,1.73158,1,18837
62,淮海公园,上海市,上海市,黄浦区,上海市黄浦区太仓路56号,550fd5f9ba00a678921fc996,http://api.map.baidu.com/place/detail?uid=550fd5f9ba00a678921fc996&output=html&source=placeapi_v2,旅游景点;公园,121.472977,31.22510164,旅游景点,公园,2021/10/25 0:53,2.38575,1,131592
63,普陀公园,上海市,上海市,普陀区,上海市普陀区光复西路255号,55fa2c0b0112d92c1ce999c9,http://api.map.baidu.com/place/detail?uid=55fa2c0b0112d92c1ce999c9&output=html&source=placeapi_v2,旅游景点;公园,121.4230478,31.24659901,旅游景点,公园,2021/10/25 0:53,1.14301,1,3826
64,张江碧波公园-诺贝尔湖绿地,上海市,上海市,浦东新区,上海市浦东新区松涛路560号,56fe27a8ffbbb89907fef5fc,http://api.map.baidu.com/place/detail?uid=56fe27a8ffbbb89907fef5fc&output=html&source=placeapi_v2,旅游景点;公园,121.5789041,31.2083885,旅游景点,公园,2021/10/25 0:53,3.4054,1,6707
65,沪太公园,上海市,上海市,普陀区,上海市普陀区新村路37号(近沪太路),5b25f4467ac25ceb102935ca,http://api.map.baidu.com/place/detail?uid=5b25f4467ac25ceb102935ca&output=html&source=placeapi_v2,旅游景点;公园,121.4347951,31.26988102,旅游景点,公园,2021/10/25 0:53,1.50891,1,11356
66,长风公园,上海市,上海市,普陀区,上海市普陀区大渡河路189号,5c2dc21d52f351796ec02c85,http://api.map.baidu.com/place/detail?uid=5c2dc21d52f351796ec02c85&output=html&source=placeapi_v2,旅游景点;公园,121.392476,31.22633892,旅游景点,公园,2021/10/25 0:53,35.77123,1,1354
67,锦尊体育公园,上海市,上海市,浦东新区,锦尊路468号,5c380a7637463348931fc9c1,http://api.map.baidu.com/place/detail?uid=5c380a7637463348931fc9c1&output=html&source=placeapi_v2,旅游景点;公园,121.527112,31.18190515,旅游景点,公园,2021/10/25 0:53,9.79904,1,7602
68,康健园,上海市,上海市,徐汇区,上海市徐汇区桂林路93号,5c91b4b764b5163372210bab,http://api.map.baidu.com/place/detail?uid=5c91b4b764b5163372210bab&output=html&source=placeapi_v2,旅游景点;公园,121.4172625,31.1660395,旅游景点,公园,2021/10/25 0:53,11.9185,1,5681
69,未来岛公园,上海市,上海市,普陀区,上海市普陀区绥德路603号,5ce2637d55d31550ae31e5cb,http://api.map.baidu.com/place/detail?uid=5ce2637d55d31550ae31e5cb&output=html&source=placeapi_v2,旅游景点;公园,121.3702763,31.26759209,旅游景点,公园,2021/10/25 0:53,2.74925,1,0
70,豫园,上海市,上海市,黄浦区,上海市黄浦区福佑路168号,606289fda2cbca54a2046453,http://api.map.baidu.com/place/detail?uid=606289fda2cbca54a2046453&output=html&source=placeapi_v2,旅游景点;风景区,121.4876666,31.22903963,旅游景点,风景区,2021/10/25 0:53,1.57193,1,23694
71,鲁迅公园,上海市,上海市,虹口区,上海市虹口区四川北路2288号,61f634f6261fde796b49f331,http://api.map.baidu.com/place/detail?uid=61f634f6261fde796b49f331&output=html&source=placeapi_v2,旅游景点;公园,121.4791112,31.27366962,旅游景点,公园,2021/10/25 0:53,20.18276,1,21198
72,共和公园,上海市,上海市,宝山区,上海市宝山区场北路408号,631c41577ecfce6331f71dd0,http://api.map.baidu.com/place/detail?uid=631c41577ecfce6331f71dd0&output=html&source=placeapi_v2,旅游景点;公园,121.4248594,31.33024896,旅游景点,公园,2021/10/25 0:53,4.24081,1,2398
73,延春公园,上海市,上海市,杨浦区,上海市杨浦区营口路20号(近靖宇东路),64ff3be12e5e14ba90114c21,http://api.map.baidu.com/place/detail?uid=64ff3be12e5e14ba90114c21&output=html&source=placeapi_v2,旅游景点;公园,121.5314728,31.29031516,旅游景点,公园,2021/10/25 0:53,1.35504,1,5121
74,大华行知公园,上海市,上海市,宝山区,上海市宝山区真华路,669775d0787b285afd0eb043,http://api.map.baidu.com/place/detail?uid=669775d0787b285afd0eb043&output=html&source=placeapi_v2,旅游景点;公园,121.4055377,31.2798143,旅游景点,公园,2021/10/25 0:53,5.92618,1,3618
75,梅陇公园,上海市,上海市,闵行区,上海市闵行区上中西路788号,680fb70347ec5e9f8bb9881b,http://api.map.baidu.com/place/detail?uid=680fb70347ec5e9f8bb9881b&output=html&source=placeapi_v2,旅游景点;公园,121.4113016,31.13350072,旅游景点,公园,2021/10/25 0:53,2.05479,1,121
76,长青园,上海市,上海市,浦东新区,上海市浦东新区杨新路281弄32号,680fb7034add61e28bb98825,http://api.map.baidu.com/place/detail?uid=680fb7034add61e28bb98825&output=html&source=placeapi_v2,旅游景点;景点,121.4860625,31.16351487,旅游景点,景点,2021/10/25 0:53,2.08822,1,2523
77,紫薇公园,上海市,上海市,浦东新区,上海市浦东新区紫薇路60号(近古桐南路),6835e3a7c123a24fe21103b0,http://api.map.baidu.com/place/detail?uid=6835e3a7c123a24fe21103b0&output=html&source=placeapi_v2,旅游景点;公园,121.6106162,31.20274338,旅游景点,公园,2021/10/25 0:53,2.17401,1,3312
78,永和公园,上海市,上海市,静安区,上海市静安区原平路702号临,691305231ea48f09725e80ff,http://api.map.baidu.com/place/detail?uid=691305231ea48f09725e80ff&output=html&source=placeapi_v2,旅游景点;公园,121.4279119,31.29207143,旅游景点,公园,2021/10/25 0:53,1.57549,1,2384
79,虹桥公园,上海市,上海市,长宁区,上海市长宁区遵义路101号(紫云西路口),69fcd6dfc3433e2eca291562,http://api.map.baidu.com/place/detail?uid=69fcd6dfc3433e2eca291562&output=html&source=placeapi_v2,旅游景点;公园,121.4008773,31.20800731,旅游景点,公园,2021/10/25 0:53,1.87666,1,23668
80,杨家桥滨河绿地,上海市,上海市,普陀区,上海市普陀区交通路4227-4229号,69fe5c29b0049d0a72210b93,http://api.map.baidu.com/place/detail?uid=69fe5c29b0049d0a72210b93&output=html&source=placeapi_v2,旅游景点;景点,121.3916938,31.2666737,旅游景点,景点,2021/10/25 0:53,0.85044,1,3327
81,祁连花园,上海市,上海市,宝山区,上海市宝山区祁连山路2478号,6d864347fb7bb3e231f71d38,http://api.map.baidu.com/place/detail?uid=6d864347fb7bb3e231f71d38&output=html&source=placeapi_v2,旅游景点;公园,121.3749451,31.31189296,旅游景点,公园,2021/10/25 0:53,0.91066,1,1302
82,四平科技公园,上海市,上海市,杨浦区,上海市杨浦区四平路1777号,6deee30820f7ff6b29fc4821,http://api.map.baidu.com/place/detail?uid=6deee30820f7ff6b29fc4821&output=html&source=placeapi_v2,旅游景点;公园,121.5018077,31.28963851,旅游景点,公园,2021/10/25 0:53,4.39246,1,4688
83,高桥公园,上海市,上海市,浦东新区,上海市浦东新区花山路(潼港五村-北区东侧约100米),6ed3083a8dc32db62a3a9fab,http://api.map.baidu.com/place/detail?uid=6ed3083a8dc32db62a3a9fab&output=html&source=placeapi_v2,旅游景点;公园,121.5682384,31.34792551,旅游景点,公园,2021/10/25 0:53,4.19309,1,2897
84,华山绿地,上海市,上海市,长宁区,上海市长宁区华山路1500号,735ab8d91d603d916c3e1b1c,http://api.map.baidu.com/place/detail?uid=735ab8d91d603d916c3e1b1c&output=html&source=placeapi_v2,旅游景点;公园,121.4278186,31.20832338,旅游景点,公园,2021/10/25 0:53,3.8524,1,10613
85,新泾公园,上海市,上海市,长宁区,上海市长宁区天山西路455号(近淞虹路),75036835de27fcae5e0d0260,http://api.map.baidu.com/place/detail?uid=75036835de27fcae5e0d0260&output=html&source=placeapi_v2,旅游景点;公园,121.3574665,31.21896693,旅游景点,公园,2021/10/25 0:53,2.52921,1,12759
86,黄浦公园,上海市,上海市,黄浦区,上海市黄浦区外滩中山东一路479号,750ec165213c9d2a4d3a59ab,http://api.map.baidu.com/place/detail?uid=750ec165213c9d2a4d3a59ab&output=html&source=placeapi_v2,旅游景点;公园,121.4865227,31.24375604,旅游景点,公园,2021/10/25 0:53,1.86265,1,53771
87,华夏公园,上海市,上海市,浦东新区,上海市浦东新区华夏东路285号,75d0881ac6d2014c3b04b1af,http://api.map.baidu.com/place/detail?uid=75d0881ac6d2014c3b04b1af&output=html&source=placeapi_v2,旅游景点;公园,121.6448326,31.1949512,旅游景点,公园,2021/10/25 0:53,17.9299,1,20
88,嘉和公园,上海市,上海市,闵行区,梅陇西路668号,764672e5d55039ae94ec841b,http://api.map.baidu.com/place/detail?uid=764672e5d55039ae94ec841b&output=html&source=placeapi_v2,旅游景点;公园,121.3977127,31.12827441,旅游景点,公园,2021/10/25 0:53,4.81756,1,3254
89,和平公园,上海市,上海市,虹口区,上海市虹口区天宝路891号,79cceb364ab169881e580032,http://api.map.baidu.com/place/detail?uid=79cceb364ab169881e580032&output=html&source=placeapi_v2,旅游景点;公园,121.4986128,31.27277234,旅游景点,公园,2021/10/25 0:53,16.53363,1,5369
90,蔓趣公园,上海市,上海市,浦东新区,上海市浦东新区洪山路195号,7aea43b712a4a6f97d29bdb7,http://api.map.baidu.com/place/detail?uid=7aea43b712a4a6f97d29bdb7&output=html&source=placeapi_v2,旅游景点;公园,121.4960326,31.17637972,旅游景点,公园,2021/10/25 0:53,1.73893,1,13057
91,张衡公园,上海市,上海市,浦东新区,张衡路2380号(近益江路),7e6fd3d9c5eeebce008972f5,http://api.map.baidu.com/place/detail?uid=7e6fd3d9c5eeebce008972f5&output=html&source=placeapi_v2,旅游景点;公园,121.6252125,31.19580191,旅游景点,公园,2021/10/25 0:53,7.18282,1,1072
92,花木公园,上海市,上海市,浦东新区,上海市浦东新区杜鹃路332号(白杨路口),803708f1dcc5cb78008972b0,http://api.map.baidu.com/place/detail?uid=803708f1dcc5cb78008972b0&output=html&source=placeapi_v2,旅游景点;公园,121.5498124,31.20598635,旅游景点,公园,2021/10/25 0:53,2.96211,1,7988
93,波阳公园,上海市,上海市,杨浦区,上海市杨浦区波阳路200号,81d6a5098c4408416e20b926,http://api.map.baidu.com/place/detail?uid=81d6a5098c4408416e20b926&output=html&source=placeapi_v2,旅游景点;公园,121.5473657,31.27442793,旅游景点,公园,2021/10/25 0:53,0.62824,1,2743
94,森兰体育公园,上海市,上海市,浦东新区,上海市浦东新区兰谷路,823bc93073338a7e8505bfde,http://api.map.baidu.com/place/detail?uid=823bc93073338a7e8505bfde&output=html&source=placeapi_v2,旅游景点;公园,121.5884006,31.31182575,旅游景点,公园,2021/10/25 0:53,27.70547,1,3553
95,绍兴公园,上海市,上海市,黄浦区,上海市黄浦区绍兴路62号(近陕西南路),87248d961b5254b22906ce96,http://api.map.baidu.com/place/detail?uid=87248d961b5254b22906ce96&output=html&source=placeapi_v2,旅游景点;公园,121.4588821,31.21142479,旅游景点,公园,2021/10/25 0:53,0.23861,1,5576
96,南新小区-休闲绿地,上海市,上海市,浦东新区,上海市浦东新区下南路309弄70号,87c40a392d51afc8eb56fa38,http://api.map.baidu.com/place/detail?uid=87c40a392d51afc8eb56fa38&output=html&source=placeapi_v2,旅游景点;公园,121.5377441,31.17297363,旅游景点,公园,2021/10/25 0:53,0.12969,1,0
97,嘉美绿地,上海市,上海市,嘉定区,上海市嘉定区金鼎路与祁连山南路交叉路口往东南约140米,89fd4ea3d0085e46e5e965eb,http://api.map.baidu.com/place/detail?uid=89fd4ea3d0085e46e5e965eb&output=html&source=placeapi_v2,旅游景点;公园,121.3715018,31.2592696,旅游景点,公园,2021/10/25 0:53,3.05905,1,847
98,凯文绿地,上海市,上海市,徐汇区,上海市徐汇区广元路与衡山路交叉路口东北侧,8ab0dfc4072d6815d8eced07,http://api.map.baidu.com/place/detail?uid=8ab0dfc4072d6815d8eced07&output=html&source=placeapi_v2,旅游景点;公园,121.4389389,31.20221949,旅游景点,公园,2021/10/25 0:53,0.18349,1,4426
99,交通公园,上海市,上海市,静安区,上海市静安区新马路262号(近育婴堂路),8cba4bb0593d5885ad0457fc,http://api.map.baidu.com/place/detail?uid=8cba4bb0593d5885ad0457fc&output=html&source=placeapi_v2,旅游景点;公园,121.4630591,31.24947065,旅游景点,公园,2021/10/25 0:53,1.4569,1,3935
100,嘉川路小游园,上海市,上海市,徐汇区,上海市徐汇区凌云路283号,8eb48fa1ec440ca5f32d831b,http://api.map.baidu.com/place/detail?uid=8eb48fa1ec440ca5f32d831b&output=html&source=placeapi_v2,旅游景点;公园,121.4138828,31.13635716,旅游景点,公园,2021/10/25 0:53,1.64528,1,121
101,岭南公园,上海市,上海市,静安区,上海市静安区汾西路600号,8eb48fa1f32617a7f32d83ff,http://api.map.baidu.com/place/detail?uid=8eb48fa1f32617a7f32d83ff&output=html&source=placeapi_v2,旅游景点;公园,121.4518777,31.3163608,旅游景点,公园,2021/10/25 0:53,3.7511,1,1709
102,阳泉公园,上海市,上海市,宝山区,上海市宝山区阳泉路1401号,8f2d33abac9cbe8f471a3203,http://api.map.baidu.com/place/detail?uid=8f2d33abac9cbe8f471a3203&output=html&source=placeapi_v2,旅游景点;公园,121.4601864,31.32860279,旅游景点,公园,2021/10/25 0:53,1.13517,1,822
103,淞南公园,上海市,上海市,宝山区,上海市宝山区淞良路300号,8fde79ccaa5275be95ca077c,http://api.map.baidu.com/place/detail?uid=8fde79ccaa5275be95ca077c&output=html&source=placeapi_v2,旅游景点;公园,121.4823022,31.34292581,旅游景点,公园,2021/10/25 0:53,6.23352,1,2799
104,霍山公园,上海市,上海市,虹口区,上海市虹口区霍山路118号(近舟山路),8fde79ccab8474be95ca0732,http://api.map.baidu.com/place/detail?uid=8fde79ccab8474be95ca0732&output=html&source=placeapi_v2,旅游景点;公园,121.5067169,31.25546761,旅游景点,公园,2021/10/25 0:53,0.36399,1,5089
105,杨园体育公园,上海市,上海市,浦东新区,上海市浦东新区园二路新园路路口东南角,923ffd001b6749b6d82f28ab,http://api.map.baidu.com/place/detail?uid=923ffd001b6749b6d82f28ab&output=html&source=placeapi_v2,旅游景点;公园,121.6298822,31.3170116,旅游景点,公园,2021/10/25 0:53,1.78615,1,739
106,田林中心绿地,上海市,上海市,徐汇区,上海市徐汇区田林东路414弄-26号,923ffd0032c552b4d92f2807,http://api.map.baidu.com/place/detail?uid=923ffd0032c552b4d92f2807&output=html&source=placeapi_v2,旅游景点;公园,121.4211424,31.17684544,旅游景点,公园,2021/10/25 0:53,1.5487,1,3134
107,庙行公园,上海市,上海市,宝山区,上海市宝山区刘场路611号,923ffd00a1c8c3cad92f2805,http://api.map.baidu.com/place/detail?uid=923ffd00a1c8c3cad92f2805&output=html&source=placeapi_v2,旅游景点;公园,121.4244609,31.3272154,旅游景点,公园,2021/10/25 0:53,2.62561,1,2398
108,丽园公园,上海市,上海市,黄浦区,上海市黄浦区丽园路565号,925c550f52f73db35b3ac896,http://api.map.baidu.com/place/detail?uid=925c550f52f73db35b3ac896&output=html&source=placeapi_v2,旅游景点;公园,121.4742929,31.2093053,旅游景点,公园,2021/10/25 0:53,1.43707,1,22753
109,海棠公园,上海市,上海市,普陀区,上海市普陀区武宁路2650号,925c550fbb6226b15a3ac807,http://api.map.baidu.com/place/detail?uid=925c550fbb6226b15a3ac807&output=html&source=placeapi_v2,旅游景点;公园,121.385486,31.24928772,旅游景点,公园,2021/10/25 0:53,1.25794,1,618
110,蓬莱公园(南车站路),上海市,上海市,黄浦区,上海市黄浦区南车站路350号,92b806d2c5c444ff78b55cab,http://api.map.baidu.com/place/detail?uid=92b806d2c5c444ff78b55cab&output=html&source=placeapi_v2,旅游景点;公园,121.4872,31.20814483,旅游景点,公园,2021/10/25 0:53,2.9505,1,5086
111,曲阳公园,上海市,上海市,虹口区,上海市虹口区中山北一路880号,9411a416c32259218a36ee6d,http://api.map.baidu.com/place/detail?uid=9411a416c32259218a36ee6d&output=html&source=placeapi_v2,旅游景点;公园,121.4818461,31.28913401,旅游景点,公园,2021/10/25 0:53,6.44689,1,4429
112,延中公园,上海市,上海市,黄浦区,上海市黄浦区巨鹿路与成都南路交叉口,98bf9537435a8700e507385e,http://api.map.baidu.com/place/detail?uid=98bf9537435a8700e507385e&output=html&source=placeapi_v2,旅游景点;公园,121.462501,31.22442061,旅游景点,公园,2021/10/25 0:53,1.11368,1,31843
113,世纪公园,上海市,上海市,浦东新区,上海市浦东新区锦绣路1001号,9db9d6f6cbf3ef0433169b45,http://api.map.baidu.com/place/detail?uid=9db9d6f6cbf3ef0433169b45&output=html&source=placeapi_v2,旅游景点;公园,121.54829,31.21787008,旅游景点,公园,2021/10/25 0:53,142.93444,1,27775
114,东明公园,上海市,上海市,浦东新区,上海市浦东新区三林路,9ee392b81affde40babd63b7,http://api.map.baidu.com/place/detail?uid=9ee392b81affde40babd63b7&output=html&source=placeapi_v2,旅游景点;公园,121.5147477,31.14836191,旅游景点,公园,2021/10/25 0:53,5.46315,1,2834
115,武宁公园-北区,上海市,上海市,普陀区,上海市普陀区石泉路572号,9ffe4c81e6cd242bcafa5fc6,http://api.map.baidu.com/place/detail?uid=9ffe4c81e6cd242bcafa5fc6&output=html&source=placeapi_v2,旅游景点;公园,121.4100398,31.24865159,旅游景点,公园,2021/10/25 0:53,0.58856,1,1320
116,东安公园,上海市,上海市,徐汇区,上海市徐汇区中山南二路811号,a13e0f0091452b1117a19047,http://api.map.baidu.com/place/detail?uid=a13e0f0091452b1117a19047&output=html&source=placeapi_v2,旅游景点;公园,121.4497725,31.18713519,旅游景点,公园,2021/10/25 0:53,1.62704,1,10814
117,彭浦公园,上海市,上海市,静安区,上海市静安区场中路2150号(近共和新路),a1418eb432444e7eebe582ff,http://api.map.baidu.com/place/detail?uid=a1418eb432444e7eebe582ff&output=html&source=placeapi_v2,旅游景点;公园,121.442844,31.30639831,旅游景点,公园,2021/10/25 0:53,2.42458,1,3286
118,彩虹湾公园,上海市,上海市,虹口区,上海市虹口区安汾路610号,a145ec3ec4bf3adc96ca07ab,http://api.map.baidu.com/place/detail?uid=a145ec3ec4bf3adc96ca07ab&output=html&source=placeapi_v2,旅游景点;公园,121.4726626,31.31695693,旅游景点,公园,2021/10/25 0:53,1.65002,1,1091
119,蝴蝶湾,上海市,上海市,静安区,上海市静安区康定东路50号,a3e8341c6a45a5964afd3f07,http://api.map.baidu.com/place/detail?uid=a3e8341c6a45a5964afd3f07&output=html&source=placeapi_v2,旅游景点;公园,121.4518222,31.23963022,旅游景点,公园,2021/10/25 0:53,1.66531,1,4390
120,塘桥公园,上海市,上海市,浦东新区,上海市浦东新区东方路1260号(近峨山路),a3f21eeeec764d452eb17eb0,http://api.map.baidu.com/place/detail?uid=a3f21eeeec764d452eb17eb0&output=html&source=placeapi_v2,旅游景点;公园,121.5239063,31.21905229,旅游景点,公园,2021/10/25 0:53,5.64061,1,6513
121,BBC体育公园,上海市,上海市,宝山区,上海市宝山区杨行镇泰和路2008号,a4bcd2de9e1b703cf92d614f,http://api.map.baidu.com/place/detail?uid=a4bcd2de9e1b703cf92d614f&output=html&source=placeapi_v2,旅游景点;公园,121.4352483,31.35837021,旅游景点,公园,2021/10/25 0:53,3.3784,1,0
122,复兴岛公园,上海市,上海市,杨浦区,上海市杨浦区共青路386号,a74481d65db77b47f503b826,http://api.map.baidu.com/place/detail?uid=a74481d65db77b47f503b826&output=html&source=placeapi_v2,旅游景点;公园,121.5581331,31.28858225,旅游景点,公园,2021/10/25 0:53,4.31021,1,1692
123,张江主题公园,上海市,上海市,浦东新区,上海市浦东新区川北公路1539号,b0205f2424634f28bfa8225a,http://api.map.baidu.com/place/detail?uid=b0205f2424634f28bfa8225a&output=html&source=placeapi_v2,旅游景点;公园,121.6058121,31.20677827,旅游景点,公园,2021/10/25 0:53,3.88662,1,2731
124,同济大学附属上海市肺科医院-叶家花园,上海市,上海市,杨浦区,上海市杨浦区政民路507号同济大学附属上海市肺科医院叶家花园,b0c1cb52074713283686f474,http://api.map.baidu.com/place/detail?uid=b0c1cb52074713283686f474&output=html&source=placeapi_v2,旅游景点;公园,121.4978178,31.30638259,旅游景点,公园,2021/10/25 0:53,3.27762,1,7204
125,番禺绿地,上海市,上海市,徐汇区,虹桥路637号,b0d056f26251f27fcac3dbd9,http://api.map.baidu.com/place/detail?uid=b0d056f26251f27fcac3dbd9&output=html&source=placeapi_v2,旅游景点;公园,121.4220982,31.19775697,旅游景点,公园,2021/10/25 0:53,3.99318,1,4676
126,老鹰公园,上海市,上海市,徐汇区,上海市徐汇区田林三中对面(近田林东路),b3ce418deeedec8d085cb3b1,http://api.map.baidu.com/place/detail?uid=b3ce418deeedec8d085cb3b1&output=html&source=placeapi_v2,旅游景点;公园,121.4258066,31.17556861,旅游景点,公园,2021/10/25 0:53,1.29473,1,3134
127,惠民公园,上海市,上海市,杨浦区,上海市杨浦区惠民路724号,b533ea4a3f76be404f6d4621,http://api.map.baidu.com/place/detail?uid=b533ea4a3f76be404f6d4621&output=html&source=placeapi_v2,旅游景点;公园,121.5177275,31.26062488,旅游景点,公园,2021/10/25 0:53,0.58847,1,1338
128,桃浦公园,上海市,上海市,普陀区,上海市普陀区桃浦西路1018号,b7021bf82efff4fbf4e73bca,http://api.map.baidu.com/place/detail?uid=b7021bf82efff4fbf4e73bca&output=html&source=placeapi_v2,旅游景点;公园,121.3874241,31.2824739,旅游景点,公园,2021/10/25 0:53,1.58268,1,2113
129,古美科普公园,上海市,上海市,闵行区,上海市闵行区古美路与平阳路交叉口西南100米,b7021bf870d6bee3f4e73bc5,http://api.map.baidu.com/place/detail?uid=b7021bf870d6bee3f4e73bc5&output=html&source=placeapi_v2,旅游景点;公园,121.4008875,31.14335518,旅游景点,公园,2021/10/25 0:53,1.22953,1,1044
130,梅陇镇廉政文化主题公园,上海市,上海市,闵行区,上海市闵行区上中西路1250号,b75462efc8d1a194b7f42f04,http://api.map.baidu.com/place/detail?uid=b75462efc8d1a194b7f42f04&output=html&source=placeapi_v2,旅游景点;公园,121.4045968,31.1325523,旅游景点,公园,2021/10/25 0:53,0.67163,1,953
131,德州休闲绿地,上海市,上海市,浦东新区,上海市浦东新区德州路338号,b7d3971bef3eeeac2b11d1a9,http://api.map.baidu.com/place/detail?uid=b7d3971bef3eeeac2b11d1a9&output=html&source=placeapi_v2,旅游景点;公园,121.4846112,31.16825252,旅游景点,公园,2021/10/25 0:53,2.30461,1,2523
132,金桥公园,上海市,上海市,浦东新区,上海市浦东新区台儿庄路408号,b93cbdca65b36d5eed74f85a,http://api.map.baidu.com/place/detail?uid=b93cbdca65b36d5eed74f85a&output=html&source=placeapi_v2,旅游景点;公园,121.5888896,31.25913954,旅游景点,公园,2021/10/25 0:53,10.93041,1,5135
133,泾东公园,上海市,上海市,浦东新区,上海市浦东新区罗山路286号,bb1d38e4af07094c0d0a70b0,http://api.map.baidu.com/place/detail?uid=bb1d38e4af07094c0d0a70b0&output=html&source=placeapi_v2,旅游景点;公园,121.5515167,31.24952457,旅游景点,公园,2021/10/25 0:53,1.66424,1,1093
134,华灵公园,上海市,上海市,宝山区,上海市宝山区华灵路780号,bba87388819f63a1bca82242,http://api.map.baidu.com/place/detail?uid=bba87388819f63a1bca82242&output=html&source=placeapi_v2,旅游景点;公园,121.4181315,31.27989879,旅游景点,公园,2021/10/25 0:53,0.95914,1,3050
135,桂林公园,上海市,上海市,徐汇区,上海市徐汇区桂林路128号,beabdbf45a2986997069d3d9,http://api.map.baidu.com/place/detail?uid=beabdbf45a2986997069d3d9&output=html&source=placeapi_v2,旅游景点;公园,121.4132892,31.16723632,旅游景点,公园,2021/10/25 0:53,3.58996,1,5681
136,顾村公园,上海市,上海市,宝山区,上海市宝山区顾村镇沪太路4788号,befdb292c733c89c87154106,http://api.map.baidu.com/place/detail?uid=befdb292c733c89c87154106&output=html&source=placeapi_v2,旅游景点;公园,121.3652556,31.34073342,旅游景点,公园,2021/10/25 0:53,235.51459,1,3231
137,宜川路99号宜川公园,上海市,上海市,普陀区,上海市普陀区宜川路99号,bf29b7026d225b9809b93aca,http://api.map.baidu.com/place/detail?uid=bf29b7026d225b9809b93aca&output=html&source=placeapi_v2,旅游景点;公园,121.4361037,31.26206853,旅游景点,公园,2021/10/25 0:53,1.66921,1,2405
138,静安雕塑公园,上海市,上海市,静安区,上海市静安区石门二路128号(近北京西路),bff8fa7dc2732ea3c8213d07,http://api.map.baidu.com/place/detail?uid=bff8fa7dc2732ea3c8213d07&output=html&source=placeapi_v2,旅游景点;公园,121.4594166,31.23676368,旅游景点,公园,2021/10/25 0:53,8.48633,1,19558
139,智力公园,上海市,上海市,宝山区,呼兰西路3号(近长临路(智力产业园旁)),c0bd5a0488e396f888b98846,http://api.map.baidu.com/place/detail?uid=c0bd5a0488e396f888b98846&output=html&source=placeapi_v2,旅游景点;公园,121.429006,31.34219294,旅游景点,公园,2021/10/25 0:53,3.17508,1,24
140,新江湾城公园,上海市,上海市,杨浦区,政和路与国秀路交叉口北200米,c16534056675ac07ab175af8,http://api.map.baidu.com/place/detail?uid=c16534056675ac07ab175af8&output=html&source=placeapi_v2,旅游景点;公园,121.5089097,31.33543862,旅游景点,公园,2021/10/25 0:53,7.39485,1,1600
141,古城公园,上海市,上海市,黄浦区,上海市黄浦区人民路333号,c16534058baeb378aa175aab,http://api.map.baidu.com/place/detail?uid=c16534058baeb378aa175aab&output=html&source=placeapi_v2,旅游景点;公园,121.4893924,31.23046869,旅游景点,公园,2021/10/25 0:53,3.66654,1,23694
142,梅园公园,上海市,上海市,浦东新区,上海市浦东新区乳山路231号,c31fb52fdd092fbc35b06cb1,http://api.map.baidu.com/place/detail?uid=c31fb52fdd092fbc35b06cb1&output=html&source=placeapi_v2,旅游景点;公园,121.5222106,31.23846754,旅游景点,公园,2021/10/25 0:53,2.10554,1,3982
143,金杨科普公园,上海市,上海市,浦东新区,上海市浦东新区枣庄路319号,c5656684eaaadc5d6ca3cc08,http://api.map.baidu.com/place/detail?uid=c5656684eaaadc5d6ca3cc08&output=html&source=placeapi_v2,旅游景点;公园,121.5699565,31.25760829,旅游景点,公园,2021/10/25 0:53,1.03978,1,2133
144,不夜城公园,上海市,上海市,静安区,华盛路213号,c5ddcc08f697b3c7d91318a8,http://api.map.baidu.com/place/detail?uid=c5ddcc08f697b3c7d91318a8&output=html&source=placeapi_v2,旅游景点;公园,121.4560022,31.24658225,旅游景点,公园,2021/10/25 0:53,3.81,1,13545
145,森兰绿地,上海市,上海市,浦东新区,上海市浦东新区五洲大道与张杨北路交叉口,c6552856fc7507a8c91b950c,http://api.map.baidu.com/place/detail?uid=c6552856fc7507a8c91b950c&output=html&source=placeapi_v2,旅游景点;公园,121.5984417,31.31592863,旅游景点,公园,2021/10/25 0:53,356.77169,1,177
146,新高苑南侧休闲公园,上海市,上海市,浦东新区,上海市浦东新区高东镇高建路新高苑.雅园,cac0f21c32875964c8213ddc,http://api.map.baidu.com/place/detail?uid=cac0f21c32875964c8213ddc&output=html&source=placeapi_v2,旅游景点;公园,121.6161397,31.29222561,旅游景点,公园,2021/10/25 0:53,0.36645,1,371
147,孙桥中心绿地,上海市,上海市,浦东新区,上海市浦东新区科农路725号附近,d02f095a3949f0b4c1f1cf0e,http://api.map.baidu.com/place/detail?uid=d02f095a3949f0b4c1f1cf0e&output=html&source=placeapi_v2,旅游景点;公园,121.6321473,31.17228441,旅游景点,公园,2021/10/25 0:53,2.99802,1,0
148,梦公园,上海市,上海市,徐汇区,上海市徐汇区桂林路907号,d0c76243c69774722cb17e63,http://api.map.baidu.com/place/detail?uid=d0c76243c69774722cb17e63&output=html&source=placeapi_v2,旅游景点;公园,121.4135062,31.18446392,旅游景点,公园,2021/10/25 0:53,9.14869,1,5611
149,泾南公园,上海市,上海市,浦东新区,上海市浦东新区羽山路850号,d219bb1d08d4818af40e77b0,http://api.map.baidu.com/place/detail?uid=d219bb1d08d4818af40e77b0&output=html&source=placeapi_v2,旅游景点;公园,121.5493478,31.23783553,旅游景点,公园,2021/10/25 0:53,2.53269,1,1405
150,前滩友城公园,上海市,上海市,浦东新区,泳耀路与耀体路交叉口西北,d287512b32259089725e8063,http://api.map.baidu.com/place/detail?uid=d287512b32259089725e8063&output=html&source=placeapi_v2,旅游景点;公园,121.4674552,31.15916114,旅游景点,公园,2021/10/25 0:53,12.18894,1,164
151,民星公园,上海市,上海市,杨浦区,上海市杨浦区嫩江路1111号(近中原路),d4034eb3b18ceaf7c0364421,http://api.map.baidu.com/place/detail?uid=d4034eb3b18ceaf7c0364421&output=html&source=placeapi_v2,旅游景点;公园,121.5303435,31.31610211,旅游景点,公园,2021/10/25 0:53,2.81099,1,3437
152,漕河泾开发区公园,上海市,上海市,徐汇区,上海市徐汇区桂果路601号,d5f93c0e22026f5deddfcad9,http://api.map.baidu.com/place/detail?uid=d5f93c0e22026f5deddfcad9&output=html&source=placeapi_v2,旅游景点;公园,121.3957102,31.1709819,旅游景点,公园,2021/10/25 0:53,4.30341,1,9805
153,徐汇跑道公园,上海市,上海市,徐汇区,上海市徐汇区龙兰路与云锦路交叉路口往北约220米,d677ca0002712758b34c4991,http://api.map.baidu.com/place/detail?uid=d677ca0002712758b34c4991&output=html&source=placeapi_v2,旅游景点;公园,121.4531807,31.17032,旅游景点,公园,2021/10/25 0:53,2.31754,1,3599
154,梅川梅花主题公园,上海市,上海市,普陀区,上海市普陀区武宁路2361号(沪宁高速公路武宁路),d6c5d99134c1bee930169bc9,http://api.map.baidu.com/place/detail?uid=d6c5d99134c1bee930169bc9&output=html&source=placeapi_v2,旅游景点;公园,121.3881105,31.2471227,旅游景点,公园,2021/10/25 0:53,1.08388,1,618
155,长宁老年公园,上海市,上海市,长宁区,上海市长宁区水城路735号,d6df91c16e11366bf7b91662,http://api.map.baidu.com/place/detail?uid=d6df91c16e11366bf7b91662&output=html&source=placeapi_v2,旅游景点;公园,121.3864662,31.21489027,旅游景点,公园,2021/10/25 0:53,0.63017,1,20008
156,太平桥公园,上海市,上海市,黄浦区,上海市黄浦区自忠路170号,d6ee8724079893e1a9f0cd96,http://api.map.baidu.com/place/detail?uid=d6ee8724079893e1a9f0cd96&output=html&source=placeapi_v2,旅游景点;公园,121.4722807,31.22155937,旅游景点,公园,2021/10/25 0:53,2.8973,1,131592
157,江浦公园,上海市,上海市,杨浦区,上海市杨浦区长阳路1111号,d7fd2ad34f73f04d0bccdd08,http://api.map.baidu.com/place/detail?uid=d7fd2ad34f73f04d0bccdd08&output=html&source=placeapi_v2,旅游景点;公园,121.5197635,31.26802831,旅游景点,公园,2021/10/25 0:53,3.48191,1,4031
158,泗塘公园,上海市,上海市,宝山区,上海市宝山区爱晖路710号,d82d669784b188a7d518b743,http://api.map.baidu.com/place/detail?uid=d82d669784b188a7d518b743&output=html&source=placeapi_v2,旅游景点;公园,121.445666,31.33995698,旅游景点,公园,2021/10/25 0:53,6.14558,1,2420
159,兰溪青年公园,上海市,上海市,普陀区,上海市普陀区兰溪路152号(近桂巷路),d991e1166a83cd541f3894c9,http://api.map.baidu.com/place/detail?uid=d991e1166a83cd541f3894c9&output=html&source=placeapi_v2,旅游景点;公园,121.4001635,31.24270019,旅游景点,公园,2021/10/25 0:53,0.84359,1,4891
160,光启公园,上海市,上海市,徐汇区,上海市徐汇区南丹路17号(近汇站路),dbf4d6ee0ce38c2b6fa3ccd9,http://api.map.baidu.com/place/detail?uid=dbf4d6ee0ce38c2b6fa3ccd9&output=html&source=placeapi_v2,旅游景点;公园,121.4300237,31.19149893,旅游景点,公园,2021/10/25 0:53,1.23121,1,19951
161,静安公园,上海市,上海市,静安区,南京西路1649号,dbf4d6ee0d3c8f2b6ea3cc88,http://api.map.baidu.com/place/detail?uid=dbf4d6ee0d3c8f2b6ea3cc88&output=html&source=placeapi_v2,旅游景点;公园,121.4420708,31.22400602,旅游景点,公园,2021/10/25 0:53,3.77988,1,50340
162,真新栅桥绿地,上海市,上海市,嘉定区,上海市嘉定区新郁支路1911号,ddf61b386803e9a5eb1e97ee,http://api.map.baidu.com/place/detail?uid=ddf61b386803e9a5eb1e97ee&output=html&source=placeapi_v2,旅游景点;公园,121.3538344,31.25408847,旅游景点,公园,2021/10/25 0:53,0.6619,1,1434
163,仙霞公园,上海市,上海市,长宁区,上海市长宁区虹古路333号,df79f2d870edd9b18505bfdd,http://api.map.baidu.com/place/detail?uid=df79f2d870edd9b18505bfdd&output=html&source=placeapi_v2,旅游景点;公园,121.386131,31.20633012,旅游景点,公园,2021/10/25 0:53,0.74632,1,5075
164,凉城公园,上海市,上海市,虹口区,上海市虹口区凉城路800号,dfc496b6db0524ae8936ee31,http://api.map.baidu.com/place/detail?uid=dfc496b6db0524ae8936ee31&output=html&source=placeapi_v2,旅游景点;公园,121.4673597,31.29995881,旅游景点,公园,2021/10/25 0:53,1.1343,1,446
165,长寿公园,上海市,上海市,普陀区,上海市普陀区长寿路260号,e116be541e3ee27ac91b95c9,http://api.map.baidu.com/place/detail?uid=e116be541e3ee27ac91b95c9&output=html&source=placeapi_v2,旅游景点;公园,121.4348285,31.24527096,旅游景点,公园,2021/10/25 0:53,4.56297,1,36562
166,张江艺术公园,上海市,上海市,浦东新区,上海市浦东新区松涛路666号,e3a7fd1398c21f5329b97cb0,http://api.map.baidu.com/place/detail?uid=e3a7fd1398c21f5329b97cb0&output=html&source=placeapi_v2,旅游景点;公园,121.5799084,31.20552837,旅游景点,公园,2021/10/25 0:53,4.22518,1,6707
167,浦东金海湿地公园,上海市,上海市,浦东新区,民唐路198号,e46a147e71361b5ac92915a4,http://api.map.baidu.com/place/detail?uid=e46a147e71361b5ac92915a4&output=html&source=placeapi_v2,旅游景点;公园,121.6424691,31.25276015,旅游景点,公园,2021/10/25 0:53,51.86527,1,0
168,工农公园,上海市,上海市,杨浦区,上海市杨浦区包头路929号(近殷行路),e889a7447868a5b48605bf26,http://api.map.baidu.com/place/detail?uid=e889a7447868a5b48605bf26&output=html&source=placeapi_v2,旅游景点;公园,121.5334365,31.32787961,旅游景点,公园,2021/10/25 0:53,1.55065,1,0
169,长青公园,上海市,上海市,浦东新区,上海市浦东新区长清路11号,e889a74479fba4b48705bfb7,http://api.map.baidu.com/place/detail?uid=e889a74479fba4b48705bfb7&output=html&source=placeapi_v2,旅游景点;公园,121.4841422,31.17596431,旅游景点,公园,2021/10/25 0:53,1.85136,1,4006
170,憩园,上海市,上海市,徐汇区,上海市徐汇区宛平南路600号,e93761f6a06d900f223bf207,http://api.map.baidu.com/place/detail?uid=e93761f6a06d900f223bf207&output=html&source=placeapi_v2,旅游景点;公园,121.4441326,31.18872684,旅游景点,公园,2021/10/25 0:53,0.28965,1,365
171,虹桥锦绣绿地,上海市,上海市,闵行区,上海市闵行区陶然居西北(吴中路南),ea21a26f4c33638d93114c97,http://api.map.baidu.com/place/detail?uid=ea21a26f4c33638d93114c97&output=html&source=placeapi_v2,旅游景点;植物园,121.3719424,31.17582585,旅游景点,植物园,2021/10/25 0:53,1.41596,1,10825
172,东方明珠公园,上海市,上海市,浦东新区,上海市浦东新区滨江大道2525弄5-25号,eef2d5281b9aa8a63be4a67d,http://api.map.baidu.com/place/detail?uid=eef2d5281b9aa8a63be4a67d&output=html&source=placeapi_v2,旅游景点;公园,121.495639,31.24305247,旅游景点,公园,2021/10/25 0:53,3.08139,1,4352
173,海粟绿地,上海市,上海市,长宁区,上海市长宁区凯旋路760号延安西路与凯旋路交叉口东北角,ef773a0fe42a723522022062,http://api.map.baidu.com/place/detail?uid=ef773a0fe42a723522022062&output=html&source=placeapi_v2,旅游景点;公园,121.4134817,31.21205281,旅游景点,公园,2021/10/25 0:53,4.84226,1,24541
174,竹园绿地,上海市,上海市,浦东新区,上海市浦东新区浦电路407号,ef773a0ffd1069362202202b,http://api.map.baidu.com/place/detail?uid=ef773a0ffd1069362202202b&output=html&source=placeapi_v2,旅游景点;公园,121.5276873,31.22286335,旅游景点,公园,2021/10/25 0:53,11.49101,1,6513
175,苏河湾中央公园,上海市,上海市,静安区,上海市静安区北苏州路与福建北路交叉口西北100米,f0baaa055fb34264081cc79b,http://api.map.baidu.com/place/detail?uid=f0baaa055fb34264081cc79b&output=html&source=placeapi_v2,旅游景点;公园,121.4738653,31.24328175,旅游景点,公园,2021/10/25 0:53,0.40444,1,15583
176,祁连公园,上海市,上海市,宝山区,上海市宝山区塘祁路1356号,f17be1b75d53c67352e5c5ed,http://api.map.baidu.com/place/detail?uid=f17be1b75d53c67352e5c5ed&output=html&source=placeapi_v2,旅游景点;公园,121.3742629,31.32882958,旅游景点,公园,2021/10/25 0:53,7.63879,1,416
177,管弄公园,上海市,上海市,普陀区,上海市普陀区管弄路29号(近华池路),f44609182e8ced6bb11e36ca,http://api.map.baidu.com/place/detail?uid=f44609182e8ced6bb11e36ca&output=html&source=placeapi_v2,旅游景点;公园,121.422963,31.25961426,旅游景点,公园,2021/10/25 0:53,1.77191,1,1158
178,北蔡休闲绿地,上海市,上海市,浦东新区,上海市浦东新区北中路571号,f4a33da9c901d30b3010afed,http://api.map.baidu.com/place/detail?uid=f4a33da9c901d30b3010afed&output=html&source=placeapi_v2,旅游景点;公园,121.5611614,31.18735179,旅游景点,公园,2021/10/25 0:53,1.60146,1,231
179,高东生态园,上海市,上海市,浦东新区,上海市浦东新区新园路998号,f55a8663c3fa524db54f5423,http://api.map.baidu.com/place/detail?uid=f55a8663c3fa524db54f5423&output=html&source=placeapi_v2,旅游景点;公园,121.6353556,31.30918212,旅游景点,公园,2021/10/25 0:53,34.21693,1,0
180,陆家嘴中心绿地,上海市,上海市,浦东新区,上海市浦东新区陆家嘴环路717号,f60a15edf3febcedba17e7b0,http://api.map.baidu.com/place/detail?uid=f60a15edf3febcedba17e7b0&output=html&source=placeapi_v2,旅游景点;风景区,121.501976,31.24002163,旅游景点,风景区,2021/10/25 0:53,9.138,1,84915
181,广场公园(延安东路),上海市,上海市,黄浦区,上海市黄浦区金陵中路与黄陂南路交叉口,f633606a5e6aff4f0b69d925,http://api.map.baidu.com/place/detail?uid=f633606a5e6aff4f0b69d925&output=html&source=placeapi_v2,旅游景点;公园,121.4704933,31.2275066,旅游景点,公园,2021/10/25 0:53,5.15361,1,131592
182,沙漠植物园,上海市,上海市,浦东新区,上海市浦东新区沔北路185号,f6a353b5f1430fb30c0a709b,http://api.map.baidu.com/place/detail?uid=f6a353b5f1430fb30c0a709b&output=html&source=placeapi_v2,旅游景点;植物园,121.6158493,31.17109886,旅游景点,植物园,2021/10/25 0:53,0.91488,1,0
183,延中广场公园春之园,上海市,上海市,黄浦区,上海市黄浦区延安高架路与延安中路交叉路口往西南约80米,f757e6ee4a8f9569260bd042,http://api.map.baidu.com/place/detail?uid=f757e6ee4a8f9569260bd042&output=html&source=placeapi_v2,旅游景点;公园,121.4604713,31.22522407,旅游景点,公园,2021/10/25 0:53,2.30281,1,31843
184,襄阳公园,上海市,上海市,徐汇区,上海市徐汇区淮海中路1008号(近襄阳北路),f757e6eea015bf16260bd0d9,http://api.map.baidu.com/place/detail?uid=f757e6eea015bf16260bd0d9&output=html&source=placeapi_v2,旅游景点;公园,121.452165,31.21898715,旅游景点,公园,2021/10/25 0:53,2.10192,1,45084
185,前滩休闲公园,上海市,上海市,浦东新区,前滩大道与园照路交叉口西北100米,f9b4af1c4757e4c6f33cba35,http://api.map.baidu.com/place/detail?uid=f9b4af1c4757e4c6f33cba35&output=html&source=placeapi_v2,旅游景点;公园,121.4634829,31.15413866,旅游景点,公园,2021/10/25 0:53,25.56426,1,164
186,培花公园,上海市,上海市,浦东新区,上海市浦东新区芳草路206~208号,f9f6b3ea4e34e14f97031966,http://api.map.baidu.com/place/detail?uid=f9f6b3ea4e34e14f97031966&output=html&source=placeapi_v2,旅游景点;公园,121.5502773,31.19568234,旅游景点,公园,2021/10/25 0:53,1.31138,1,2008
187,爱思儿童公园,上海市,上海市,虹口区,上海市虹口区海伦路499号,fa81867b7dfc6424d23ce354,http://api.map.baidu.com/place/detail?uid=fa81867b7dfc6424d23ce354&output=html&source=placeapi_v2,旅游景点;公园,121.4809966,31.25947078,旅游景点,公园,2021/10/25 0:53,2.75512,1,37052
188,延安公园,上海市,上海市,静安区,"上海市黄浦区长乐路与成都南路交叉路口往西北约80米
",fbaacff427890808581093e7,http://api.map.baidu.com/place/detail?uid=fbaacff427890808581093e7&output=html&source=placeapi_v2,旅游景点;公园,121.461928,31.226912,旅游景点,公园,2021/10/25 0:53,3.77638,1,31843
189,延福公园,上海市,上海市,黄浦区,上海市黄浦区宁海东路与浙江南路交叉路口往东北约50米(锦福里西北侧约50,fc767524e376d3fb4f776eab,http://api.map.baidu.com/place/detail?uid=fc767524e376d3fb4f776eab&output=html&source=placeapi_v2,旅游景点;公园,121.4782987,31.23197242,旅游景点,公园,2021/10/25 0:53,1.82172,1,33250
190,江湾公园,上海市,上海市,虹口区,上海市虹口区新市北路1505号,fd007c5e949daf11a8f72905,http://api.map.baidu.com/place/detail?uid=fd007c5e949daf11a8f72905&output=html&source=placeapi_v2,旅游景点;公园,121.4774262,31.30778238,旅游景点,公园,2021/10/25 0:53,1.02127,1,2883
191,绿波苑健康主题公园,上海市,上海市,浦东新区,上海市浦东新区兴运路10号,fee46c39570111729e95de00,http://api.map.baidu.com/place/detail?uid=fee46c39570111729e95de00&output=html&source=placeapi_v2,旅游景点;公园,121.577778,31.28837422,旅游景点,公园,2021/10/25 0:53,1.01985,1,11
192,内江公园,上海市,上海市,杨浦区,上海市杨浦区控江路261号,ffd6d4034b0cb58e17b54b21,http://api.map.baidu.com/place/detail?uid=ffd6d4034b0cb58e17b54b21&output=html&source=placeapi_v2,旅游景点;公园,121.5407198,31.28901553,旅游景点,公园,2021/10/25 0:53,1.33159,1,2034
193,南浦广场公园,上海市,上海市,浦东新区,上海市浦东新区浦东南路2277号,005861086121d3a447e274b0,http://api.map.baidu.com/place/detail?uid=005861086121d3a447e274b0&output=html&source=placeapi_v2,旅游景点;公园,121.5108385,31.20521226,旅游景点,公园,2021/10/25 0:53,3.45,1,1397
194,华山儿童公园,上海市,上海市,长宁区,上海市长宁区华山路1575号,005861089e27baa447e274a9,http://api.map.baidu.com/place/detail?uid=005861089e27baa447e274a9&output=html&source=placeapi_v2,旅游景点;公园,121.4300193,31.20602507,旅游景点,公园,2021/10/25 0:53,0.25224,1,10613
195,尊木公园,上海市,上海市,宝山区,上海市宝山区沪太路2695号尊木汇国际广场内,00dd735c18b8f9e48e7727a0,http://api.map.baidu.com/place/detail?uid=00dd735c18b8f9e48e7727a0&output=html&source=placeapi_v2,旅游景点;公园,121.406707,31.31203295,旅游景点,公园,2021/10/25 0:53,1.4798,1,2452
196,滨江公园,上海市,上海市,浦东新区,上海市浦东新区陆家嘴西路2967号,0523a141fb3ec504b23c8172,http://api.map.baidu.com/place/detail?uid=0523a141fb3ec504b23c8172&output=html&source=placeapi_v2,旅游景点;公园,121.493183,31.23746951,旅游景点,公园,2021/10/25 0:53,9.24827,1,37542
197,浦发公园,上海市,上海市,浦东新区,上海市浦东新区三林御桥路浦发公园(浦发绿城附近),06d2dffd5c6f85f789f15db7,http://api.map.baidu.com/place/detail?uid=06d2dffd5c6f85f789f15db7&output=html&source=placeapi_v2,旅游景点;公园,121.5365097,31.15079579,旅游景点,公园,2021/10/25 0:53,5.20504,1,1033
198,闵行文化公园,上海市,上海市,闵行区,上海市闵行区吴中路2019号,0892c818f9eff0680bf5eb7a,http://api.map.baidu.com/place/detail?uid=0892c818f9eff0680bf5eb7a&output=html&source=placeapi_v2,旅游景点;公园,121.3569325,31.16497209,旅游景点,公园,2021/10/25 0:53,82.19093,1,2786
199,世博公园,上海市,上海市,浦东新区,上海市浦东新区世博大道1750号,09674036148cbdc18a36ee40,http://api.map.baidu.com/place/detail?uid=09674036148cbdc18a36ee40&output=html&source=placeapi_v2,旅游景点;公园,121.4819139,31.18931962,旅游景点,公园,2021/10/25 0:53,24.18586,1,8957
200,豆香园,上海市,上海市,浦东新区,上海市浦东新区灵山路412号(桃林路口),0a15c7ec20f49de5ed74f8d9,http://api.map.baidu.com/place/detail?uid=0a15c7ec20f49de5ed74f8d9&output=html&source=placeapi_v2,旅游景点;公园,121.5359075,31.2288256,旅游景点,公园,2021/10/25 0:53,4.21982,1,9684
201,亮景公园,上海市,上海市,浦东新区,上海市浦东新区博云路与亮景路交叉路口往东北约80米,0a8322b7f0569e5581a12e68,http://api.map.baidu.com/place/detail?uid=0a8322b7f0569e5581a12e68&output=html&source=placeapi_v2,旅游景点;公园,121.6036732,31.20610153,旅游景点,公园,2021/10/25 0:53,4.86653,1,2731
202,体汇+名都体育公园,上海市,上海市,闵行区,上海市闵行区红松东路620号,0b146559b27ea40ab5147fb8,http://api.map.baidu.com/place/detail?uid=0b146559b27ea40ab5147fb8&output=html&source=placeapi_v2,旅游景点;公园,121.3941876,31.19091836,旅游景点,公园,2021/10/25 0:53,2.76359,1,2310
203,中山公园,上海市,上海市,长宁区,上海市长宁区长宁路780号,108b1cea68580fb53586f4cb,http://api.map.baidu.com/place/detail?uid=108b1cea68580fb53586f4cb&output=html&source=placeapi_v2,旅游景点;公园,121.4142098,31.22382112,旅游景点,公园,2021/10/25 0:53,18.67751,1,41268
204,松鹤公园,上海市,上海市,杨浦区,上海市杨浦区抚顺路240号,14076deeeab728f502294f21,http://api.map.baidu.com/place/detail?uid=14076deeeab728f502294f21&output=html&source=placeapi_v2,旅游景点;公园,121.5100288,31.28228415,旅游景点,公园,2021/10/25 0:53,1.30597,1,1940
205,由由公园,上海市,上海市,浦东新区,上海市浦东新区严中路300弄23号301室,149fd2acaf17ec6cc356ac63,http://api.map.baidu.com/place/detail?uid=149fd2acaf17ec6cc356ac63&output=html&source=placeapi_v2,旅游景点;公园,121.5275237,31.19160971,旅游景点,公园,2021/10/25 0:53,0.76356,1,777
206,人民公园,上海市,上海市,黄浦区,上海市黄浦区南京西路231号,1816533483da9005fa2d61ab,http://api.map.baidu.com/place/detail?uid=1816533483da9005fa2d61ab&output=html&source=placeapi_v2,旅游景点;公园,121.4685962,31.23424681,旅游景点,公园,2021/10/25 0:53,10.99136,1,138436
207,阳光绿地一期,上海市,上海市,浦东新区,上海市浦东新区金桥杨高北路阳光绿地一期,181653349b268807fb2d61d9,http://api.map.baidu.com/place/detail?uid=181653349b268807fb2d61d9&output=html&source=placeapi_v2,旅游景点;公园,121.6010649,31.27134466,旅游景点,公园,2021/10/25 0:53,4.30703,1,1444
208,金葵绿地,上海市,上海市,浦东新区,上海市浦东新区申欣路102号,1bb7cc029656ac6dc27da2eb,http://api.map.baidu.com/place/detail?uid=1bb7cc029656ac6dc27da2eb&output=html&source=placeapi_v2,旅游景点;景点,121.6230924,31.24071496,旅游景点,景点,2021/10/25 0:53,2.90408,1,1366
209,清涧公园,上海市,上海市,普陀区,上海市普陀区金鼎路650号(近万镇路),1bf85b25809c09a5a1a934ca,http://api.map.baidu.com/place/detail?uid=1bf85b25809c09a5a1a934ca&output=html&source=placeapi_v2,旅游景点;公园,121.3772721,31.26036301,旅游景点,公园,2021/10/25 0:53,1.99487,1,228
210,真如公园,上海市,上海市,普陀区,上海市普陀区大渡河路1894号(近铜川路),1cbb39b750e6af32eddfcaaf,http://api.map.baidu.com/place/detail?uid=1cbb39b750e6af32eddfcaaf&output=html&source=placeapi_v2,旅游景点;公园,121.3945641,31.25524822,旅游景点,公园,2021/10/25 0:53,6.748,1,2786
